-- 회원정보
INSERT INTO US001M1 (USER_ID, USER_PW) VALUES ('koreaats', '1234');

-- 컬럼: 16개
-- 매출계약정보
INSERT INTO SL001M1
(
 CTRCT_NO         -- 계약번호
,BSNTYP_NM        -- 업종명
,ORDER_COMPN      -- 발주사
,CTRCT_COMPN      -- 계약사 (거래처)
,PRJCT_NM         -- 프로젝트명
,PRJCT_CONTN      -- 프로젝트내용
,TOTAL_CTRCT_PRC  -- 총계약금
,CTRCT_TYPE_CD    -- 계약유형코드
,CHNG_YN          -- 변경여부
,PAY_GB_CD        -- 지급구분코드
,ISSUE_SCHD_GB_CD -- 발행일구분코드
,ISSUE_SCHD_DAY   -- 발행예정일
,RVRS_ISSUE_YN    -- 역발행여부
,DPST_SCHD_DAY    -- 입금예정일
,CTRCT_START_DT   -- 계약시작일자
,CTRCT_END_DT     -- 계약종료일자
)
VALUES
 ('2022001', '증권', '한국투자증권', 'SKCC'      , '인프라 ITO_Yr4'          , '3'            ,    '14,905,000', 'CT10', 'N', 'PA01', 'IS01', '24', 'Y', '10' , '20221001', '20230930')
,('2022002', '증권', '하나증권'    , '하나금융TI', '계정계OS'                , '계정계 운영'  ,    '33,330,000', 'CT10', 'N', 'PA01', 'IS02', NULL, 'N', '14' , '20230101', '20231231')
,('2022003', '증권', 'SK증권'      , 'SK증권'    , '금융투지소득세'          , ''             , '3,054,975,000', 'CT10', 'N', 'PA02', 'IS01', NULL, 'N', '14' , '20220216', '20230214')
,('2022004', '증권', 'SK증권'      , 'SK증권'    , '상품주식'                , ''             ,   '388,850,000', 'CT10', 'N', 'PA02', 'IS01', NULL, 'N', '14' , '20220801', '20230531')
,('2023001', '증권', '하나증권'    , '하나금융TI', '계정계OS(변경)'          , '계정계 운영'  ,   '297,660,000', 'CT10', 'Y', 'PA01', 'IS02', NULL, 'N', '14' , '20230101', '20231231')
,('2023002', '증권', '한국투자증권', 'SKCC'      , '인프라 ITO_Yr4(변경)'    , 'VDI(중급추가)',   '282,869,400', 'CT10', 'Y', 'PA01', 'IS01', '24', 'Y', '10' , '20221001', '20230930')
,('2023003', '증권', 'KB증권'      , 'SKCC'      , '마켓캐스터 플랫폼 사업화', '현물주문/시세',    '46,200,000', 'CT22', 'N', 'PA01', 'IS03', NULL, 'Y', '14' , '20230201', '20230331')
;

-- 컬럼: 12개
-- 매출발행입금예정내역
INSERT INTO SL001L1
(
 CTRCT_NO             -- 계약번호 (매출계약정보 FK)
,SEQ_NO               -- 순번 (계약번호 내 순번)
,ISSUE_SCHD_DT        -- 발행예정일자
,ISSUE_SCHD_PRC       -- 발행예정금액
,DPST_SCHD_DT         -- 입금예정일자
,MEMO                 -- 메모
,ISSUE_DT             -- 발행일자
,DPST_DT              -- 입금일자
,DPST_PRC             -- 입금금액
,NOTE                 -- 비고
,STAT_GB_CD           -- 상태구분코드 (진행상태)
,ERROR_GB_CD          -- 오류구분코드 (정상/오류 여부)
)
VALUES
-- 계약번호 순번 발행예정일 발행예정금액 입금예정일  메모 발행일      입금일      입금액      비고            상태    오류
-- 한국투자증권(2022001)
 ('2022001',  '1',  '20221024', '14905000', '20221104', '', '20220216', '20220216', '14905000', ''           , 'ST02', 'ER01')
,('2022001',  '2',  '20221124', '14905000', '20221202', '', '20220815', '20221220', '14000000', '일부 미수금', 'ST02', 'ER14')
,('2022001',  '3',  '20221224', '14905000', '20230106', '', NULL      , NULL      , '0'       , ''           , 'ST01', 'ER00')
,('2022001',  '4',  '20230124', '16119400', '20230207', '', NULL      , NULL      , '0'       , ''           , 'ST00', 'ER00')
 
-- 하나증권(2022002)
,('2022002',  '1', '20230102', '33330000', '20240107', '', '20230102', '20230113', '33330000' , ''           , 'ST00', 'ER00')
 
-- SK증권(2022003)
,('2022003',  '1', '20230214', '1221990000', '20240107', '', '20230214', NULL    , '1221990000' , ''         , 'ST00', 'ER00')
 
-- SK증권(2022004)
,('2022004',  '1', NULL      , '116655000', NULL      , '', '20230202', '20230210', '0'       , ''           , 'ST00', 'ER00')
,('2022004',  '2', NULL      , '155540000', NULL      , '', '20230530', NULL      , '0'       , ''           , 'ST00', 'ER00')

-- 하나증권(2023001)
,('2023001',  '1', NULL      , '27060000' , NULL      , '', '20230201', '20230214', '0'       , ''           , 'ST00', 'ER00')
,('2023001',  '2', NULL      , '27060000' , NULL      , '', '20230301', '20230314', '0'       , ''           , 'ST00', 'ER00')
,('2023001',  '3', NULL      , '27060000' , NULL      , '', '20230401', '20230414', '0'       , ''           , 'ST00', 'ER00')
,('2023001',  '4', NULL      , '27060000' , NULL      , '', '20230501', '20230514', '0'       , ''           , 'ST00', 'ER00')
,('2023001',  '5', NULL      , '27060000' , NULL      , '', '20230601', '20230614', '0'       , ''           , 'ST00', 'ER00')
,('2023001',  '6', NULL      , '27060000' , NULL      , '', '20230701', '20230714', '0'       , ''           , 'ST00', 'ER00')
,('2023001',  '7', NULL      , '27060000' , NULL      , '', '20230801', '20230814', '0'       , ''           , 'ST00', 'ER00')
,('2023001',  '8', NULL      , '27060000' , NULL      , '', '20230901', '20230914', '0'       , ''           , 'ST00', 'ER00')
,('2023001',  '9', NULL      , '27060000' , NULL      , '', '20231001', '20231014', '0'       , ''           , 'ST00', 'ER00')
,('2023001', '10', NULL      , '27060000' , NULL      , '', '20231101', '20231114', '0'       , ''           , 'ST00', 'ER00')
,('2023001', '11', NULL      , '27060000' , NULL      , '', '20231201', '20231214', '0'       , ''           , 'ST00', 'ER00')
;

-- 컬럼: 15개
-- 인력투입계획정보
INSERT INTO MP001M1
(
 CTRCT_NO
,SEQ_NO
,LV1
,LV2
,LV3
,STAFF_NM
,POSTN_CD
,MNPR_GRD
,CMTMT_SCHD_DT
,CTRCT_MHOUR
,MNM_ARR
,WTDRL_SCHD_DT
,STAFF_GB_CD
,PRCHS_SCHD_UPRC
,PRCHS_SCHD_PRC
)
VALUES
 ('2022001',  1, '발행 요건정의/PL', '시스템 요건정의/총괄대행관리'         , '시스템 요건정의/총괄대행관리'         , '최찬기' , 'PS10', '특급(IS)', '20230416', 6  , ARRAY [0.0, 0.0, 1.0, 1.0, 1.0, 1.0, 1.0, 1.0, 0.0, 0.0] , NULL, 'SF01', '', '' )
,('2022001',  2, '발행 플랫폼 개발', '계좌잔고관리 연계 개발/PL'            , '계좌잔고관리 연계 개발/PL'            , '김경모' , 'PS07', '특급(IS)', '20230216', 9  , ARRAY [1.0, 1.0, 1.0, 1.0, 1.0, 1.0, 1.0, 1.0, 1.0, 0.0] , NULL, 'SF03', '', '' )
,('2022001',  3, '발행 플랫폼 개발', '잔고관리 및 평가관리 개발'            , '잔고관리 및 평가관리 개발'            , '강상오' , 'PS06', '고급(IS)', '20230416', 7  , ARRAY [0.0, 0.0, 1.0, 1.0, 1.0, 1.0, 1.0, 1.0, 1.0, 0.0] , NULL, 'SF03', '', '' )
,('2022001',  4, '발행 플랫폼 개발', '잔고관리 및 평가관리 개발'            , '잔고관리 및 평가관리 개발'            , '권순길' , 'PS06', '고급(IS)', '20230416', 6.5, ARRAY [0.0, 0.0, 1.0, 1.0, 1.0, 1.0, 1.0, 1.0, 0.5, 0.0] , NULL, 'SF03', '', '' )
,('2022001',  5, '발행 플랫폼 개발', '회원 API 개발'                        , '회원 API 개발'                        , '박성현' , 'PS06', '고급(IS)', '20230416', 7  , ARRAY [0.0, 0.0, 1.0, 1.0, 1.0, 1.0, 1.0, 1.0, 1.0, 0.0] , NULL, 'SF02', '', '' )
,('2022001',  6, '발행 플랫폼 개발', '상품 발행 개발/PL'                    , '상품 발행 개발/PL'                    , '안성호' , 'PS07', '특급(IS)', '20230216', 9  , ARRAY [1.0, 1.0, 1.0, 1.0, 1.0, 1.0, 1.0, 1.0, 1.0, 0.0] , NULL, 'SF02', '', '' )
,('2022001',  7, '발행 플랫폼 개발', '상품 발행 개발'                       , '상품 발행 개발'                       , '이종숙' , 'PS06', '고급(IS)', '20230416', 7  , ARRAY [0.0, 0.0, 1.0, 1.0, 1.0, 1.0, 1.0, 1.0, 1.0, 0.0] , NULL, 'SF02', '', '' )
,('2022001',  8, '발행 플랫폼 개발', '상품 발행 개발'                       , '상품 발행 개발'                       , 'TBD'    , 'PS05', '중급(IS)', '20230416', 7  , ARRAY [0.0, 0.0, 1.0, 1.0, 1.0, 1.0, 1.0, 1.0, 1.0, 0.0] , NULL, 'SF01', '', '' )
,('2022001',  9, '발행 플랫폼 개발', '상품 발행 개발'                       , '상품 발행 개발'                       , 'TBD'    , 'PS04', '중급(IS)', '20230416', 7  , ARRAY [0.0, 0.0, 1.0, 1.0, 1.0, 1.0, 1.0, 1.0, 1.0, 0.0] , NULL, 'SF02', '', '' )
,('2022001', 10, '발행 플랫폼 개발', '청약 업무 개발/PL'                    , '청약 업무 개발/PL'                    , '홍종미' , 'PS07', '특급(IS)', '20230216', 9  , ARRAY [1.0, 1.0, 1.0, 1.0, 1.0, 1.0, 1.0, 1.0, 1.0, 0.0] , NULL, 'SF02', '', '' )
,('2022001', 11, '발행 플랫폼 개발', '청약 업무 개발'                       , '청약 업무 개발'                       , '구나경' , 'PS06', '고급(IS)', '20230416', 7  , ARRAY [0.0, 0.0, 1.0, 1.0, 1.0, 1.0, 1.0, 1.0, 1.0, 0.0] , NULL, 'SF02', '', '' )
,('2022001', 12, '발행 플랫폼 개발', '청약 업무 개발'                       , '청약 업무 개발'                       , 'TBD'    , 'PS05', '중급(IS)', '20230416', 7  , ARRAY [0.0, 0.0, 1.0, 1.0, 1.0, 1.0, 1.0, 1.0, 1.0, 0.0] , NULL, 'SF02', '', '' )
,('2022001', 13, '발행 플랫폼 개발', '청약 업무 개발'                       , '청약 업무 개발'                       , 'TBD'    , 'PS05', '중급(IS)', '20230416', 7  , ARRAY [0.0, 0.0, 1.0, 1.0, 1.0, 1.0, 1.0, 1.0, 1.0, 0.0] , NULL, 'SF02', '', '' )
,('2022001', 14, '발행 플랫폼 개발', '청약 업무 개발'                       , '청약 업무 개발'                       , 'TBD'    , 'PS04', '초급(IS)', '20230416', 7  , ARRAY [0.0, 0.0, 1.0, 1.0, 1.0, 1.0, 1.0, 1.0, 1.0, 0.0] , NULL, 'SF02', '', '' )
,('2022001', 15, '발행 플랫폼 개발', '상환 업무 개발'                       , '상환 업무 개발'                       , '김지현' , 'PS05', '고급(IS)', '20230316', 8  , ARRAY [0.0, 1.0, 1.0, 1.0, 1.0, 1.0, 1.0, 1.0, 1.0, 0.0] , NULL, 'SF01', '', '' )
,('2022001', 16, '발행 플랫폼 개발', '상환 업무 개발'                       , '상환 업무 개발'                       , 'TBD'    , 'PS04', '중급(IS)', '20230416', 7  , ARRAY [0.0, 0.0, 1.0, 1.0, 1.0, 1.0, 1.0, 1.0, 1.0, 0.0] , NULL, 'SF02', '', '' )
,('2022001', 17, '발행 플랫폼 개발', '상환 업무 개발'                       , '상환 업무 개발'                       , 'TBD'    , 'PS01', '초급(IS)', '20230416', 7  , ARRAY [0.0, 0.0, 1.0, 1.0, 1.0, 1.0, 1.0, 1.0, 1.0, 0.0] , NULL, 'SF02', '', '' )
,('2022001', 18, '발행 플랫폼 개발', '제휴청약 API 개발'                    , '제휴청약 API 개발'                    , '이동욱' , 'PS06', '고급(IS)', '20230416', 7  , ARRAY [0.0, 0.0, 1.0, 1.0, 1.0, 1.0, 1.0, 1.0, 1.0, 0.0] , NULL, 'SF02', '', '' )
,('2022001', 19, '발행 플랫폼 개발', '제휴청약 API 관리 개발'               , '제휴청약 API 관리 개발'               , 'TBD'    , 'PS01', '초급(IS)', '20230416', 6.5, ARRAY [0.0, 0.0, 1.0, 1.0, 1.0, 1.0, 1.0, 1.0, 0.5, 0.0] , NULL, 'SF02', '', '' )
,('2022001', 20, '발행 플랫폼 개발', '권리 업무 개발'                       , '권리 업무 개발'                       , '김미란' , 'PS05', '고급(IS)', '20230416', 7  , ARRAY [0.0, 0.0, 1.0, 1.0, 1.0, 1.0, 1.0, 1.0, 1.0, 0.0] , NULL, 'SF01', '', '' )
,('2022001', 21, '발행 플랫폼 개발', '권리 업무 개발'                       , '권리 업무 개발'                       , 'TBD'    , 'PS04', '중급(IS)', '20230416', 7  , ARRAY [0.0, 0.0, 1.0, 1.0, 1.0, 1.0, 1.0, 1.0, 1.0, 0.0] , NULL, 'SF02', '', '' )
,('2022001', 22, '발행 플랫폼 개발', '권리 업무 개발'                       , '권리 업무 개발'                       , 'TBD'    , 'PS01', '초급(IS)', '20230416', 7  , ARRAY [0.0, 0.0, 1.0, 1.0, 1.0, 1.0, 1.0, 1.0, 1.0, 0.0] , NULL, 'SF02', '', '' )
,('2022001', 23, '발행 플랫폼 개발', '대외연계(KRX, KSD)'                   , '대외연계(KRX, KSD)'                   , '박진실' , 'PS06', '고급(IS)', '20230416', 7  , ARRAY [0.0, 0.0, 1.0, 1.0, 1.0, 1.0, 1.0, 1.0, 1.0, 0.0] , NULL, 'SF01', '', '' )
,('2022001', 24, '발행 플랫폼 개발', '대외연계(KRX, KSD)'                   , '대외연계(KRX, KSD)'                   , 'TBD'    , 'PS04', '중급(IS)', '20230416', 7  , ARRAY [0.0, 0.0, 1.0, 1.0, 1.0, 1.0, 1.0, 1.0, 1.0, 0.0] , NULL, 'SF02', '', '' )
,('2022001', 25, '발행 요건정의/PL', '스마트컨트랙트(블록체인 원장) 개발/PL', '스마트컨트랙트(블록체인 원장) 개발/PL', '윤광석' , 'PS07', '특급(IT)', '20230216', 9  , ARRAY [1.0, 1.0, 1.0, 1.0, 1.0, 1.0, 1.0, 1.0, 1.0, 0.0] , NULL, 'SF02', '', '' )
,('2022001', 26, '발행 플랫폼 개발', '스마트컨트랙트(블록체인 원장) 개발'   , '스마트컨트랙트(블록체인 원장) 개발'   , '김동길' , 'PS06', '고급(IS)', '20230416', 7  , ARRAY [0.0, 0.0, 1.0, 1.0, 1.0, 1.0, 1.0, 1.0, 1.0, 0.0] , NULL, 'SF02', '', '' )
,('2022001', 27, '발행 플랫폼 개발', '스마트컨트랙트(블록체인 원장) 개발'   , '스마트컨트랙트(블록체인 원장) 개발'   , 'TBD'    , 'PS04', '초급(IS)', '20230416', 7  , ARRAY [0.0, 0.0, 1.0, 1.0, 1.0, 1.0, 1.0, 1.0, 1.0, 0.0] , NULL, 'SF02', '', '' )
,('2022001', 28, '발행 플랫폼 개발', '스마트컨트랙트(블록체인 원장) 개발'   , '스마트컨트랙트(블록체인 원장) 개발'   , '유민웅' , 'PS04', '중급(IS)', '20230416', 7  , ARRAY [0.0, 0.0, 1.0, 1.0, 1.0, 1.0, 1.0, 1.0, 1.0, 0.0] , NULL, 'SF02', '', '' )
,('2022001', 29, '발행 플랫폼 개발', '화면/서비스 연계 개발'                , '화면/서비스 연계 개발'                , 'TBD'    , 'PS04', '중급(IS)', '20230416', 6.5, ARRAY [0.0, 0.0, 1.0, 1.0, 1.0, 1.0, 1.0, 1.0, 0.5, 0.0] , NULL, 'SF02', '', '' )
,('2022001', 30, '발행 플랫폼 개발', '화면/서비스 연계 개발'                , '화면/서비스 연계 개발'                , 'TBD'    , 'PS01', '초급(IS)', '20230416', 6.5, ARRAY [0.0, 0.0, 1.0, 1.0, 1.0, 1.0, 1.0, 1.0, 0.5, 0.0] , NULL, 'SF02', '', '' )
,('2022001', 31, '발행 플랫폼 개발', '공통 모듈 개발/PL'                    , '공통 모듈 개발/PL'                    , '신갑식' , 'PS07', '특급(IS)', '20230216', 9  , ARRAY [1.0, 1.0, 1.0, 1.0, 1.0, 1.0, 1.0, 1.0, 1.0, 0.0] , NULL, 'SF02', '', '' )
,('2022001', 32, '발행 플랫폼 개발', '공통 모듈 개발'                       , '공통 모듈 개발'                       , 'TBD'    , 'PS06', '고급(IS)', '20230416', 6.5, ARRAY [0.0, 0.0, 1.0, 1.0, 1.0, 1.0, 1.0, 1.0, 0.5, 0.0] , NULL, 'SF02', '', '' )
,('2022001', 33, '발행 플랫폼 개발', '공통 모듈 개발'                       , '공통 모듈 개발'                       , 'TBD'    , 'PS04', '중급(IS)', '20230416', 6.5, ARRAY [0.0, 0.0, 1.0, 1.0, 1.0, 1.0, 1.0, 1.0, 0.5, 0.0] , NULL, 'SF02', '', '' )
,('2022001', 34, '레가시 개발'     , '계좌 개설/발급'                       , '계좌 개설/발급'                       , 'TBD'    , 'PS07', '특급(LG)', '20230416', 7  , ARRAY [0.0, 0.0, 1.0, 1.0, 1.0, 1.0, 1.0, 1.0, 1.0, 0.0] , NULL, 'SF02', '', '' )
,('2022001', 35, '레가시 개발'     , '투자 예치금 관리'                     , '투자 예치금 관리'                     , '강상오' , 'PS06', '고급(LG)', '20230416', 7  , ARRAY [0.0, 0.0, 1.0, 1.0, 1.0, 1.0, 1.0, 1.0, 1.0, 0.0] , NULL, 'SF02', '', '' )
,('2022001', 36, '인프라'          , 'AA'                                   , 'AA'                                   , '최세곤' , 'PS07', '특급(IF)', '20230216', 9  , ARRAY [1.0, 1.0, 1.0, 1.0, 1.0, 1.0, 1.0, 1.0, 1.0, 0.0] , NULL, 'SF02', '', '' )
,('2022001', 37, '인프라'          , 'TA'                                   , 'TA'                                   , 'TBD'    , 'PS07', '특급(IF)', '20230216', 9  , ARRAY [1.0, 1.0, 1.0, 1.0, 1.0, 1.0, 1.0, 1.0, 1.0, 0.0] , NULL, 'SF02', '', '' )
;



-- 컬럼: 21개
-- 인력투입상세내역
INSERT INTO MP001L1
(
 CTRCT_NO
,SEQ_NO
,LV1
,LV2
,LV3
,STAFF_NM
,POSTN_CD
,MNPR_GRD
,CMTMT_SCHD_DT
,CTRCT_MHOUR
,MNM_ARR
,WTDRL_SCHD_DT
,STAFF_GB_CD
,PRCHS_SCHD_UPRC
,PRCHS_SCHD_PRC
,PRCHS_UPRC
,PRCHS_PRC
,CMTMT_DT
,WTDRL_DT
,CHNG_RSN
,CTRCT_URL
)
VALUES
 ('2022001',  1, '발행 요건정의/PL', '시스템 요건정의/총괄대행관리'         , '시스템 요건정의/총괄대행관리'         , '최찬기' , 'PS10', '특급(IS)', '20230416', 6  , ARRAY [0.0, 0.0, 1.0, 1.0, 1.0, 1.0, 1.0, 1.0, 0.0, 0.0] , '', 'SF01', '', '', 10000000, 0, '20230416' , '20230416' , NULL, NULL         )
,('2022001',  2, '발행 플랫폼 개발', '계좌잔고관리 연계 개발/PL'            , '계좌잔고관리 연계 개발/PL'            , '김경모' , 'PS07', '특급(IS)', '20230216', 9  , ARRAY [1.0, 1.0, 1.0, 1.0, 1.0, 1.0, 1.0, 1.0, 1.0, 0.0] , '', 'SF03', '', '',        0, 0, '20230216' , '20230216' , NULL, 'http://url' )
,('2022001',  3, '발행 플랫폼 개발', '잔고관리 및 평가관리 개발'            , '잔고관리 및 평가관리 개발'            , '강상오' , 'PS06', '고급(IS)', '20230416', 7  , ARRAY [0.0, 0.0, 1.0, 1.0, 1.0, 1.0, 1.0, 1.0, 1.0, 0.0] , '', 'SF03', '', '',        0, 0, '20230416' , '20230416' , NULL, 'http://url' )
,('2022001',  4, '발행 플랫폼 개발', '잔고관리 및 평가관리 개발'            , '잔고관리 및 평가관리 개발'            , '권순길' , 'PS06', '고급(IS)', '20230416', 6.5, ARRAY [0.0, 0.0, 1.0, 1.0, 1.0, 1.0, 1.0, 1.0, 0.5, 0.0] , '', 'SF03', '', '',        0, 0, '20230416' , '20230416' , NULL, 'http://url' )
,('2022001',  5, '발행 플랫폼 개발', '회원 API 개발'                        , '회원 API 개발'                        , '박성현' , 'PS06', '고급(IS)', '20230416', 7  , ARRAY [0.0, 0.0, 1.0, 1.0, 1.0, 1.0, 1.0, 1.0, 1.0, 0.0] , '', 'SF02', '', '',        0, 0, '20230416' , '20230416' , NULL, 'http://url' )
,('2022001',  6, '발행 플랫폼 개발', '상품 발행 개발/PL'                    , '상품 발행 개발/PL'                    , '안성호' , 'PS07', '특급(IS)', '20230216', 9  , ARRAY [1.0, 1.0, 1.0, 1.0, 1.0, 1.0, 1.0, 1.0, 1.0, 0.0] , '', 'SF02', '', '',        0, 0, '20230216' , '20230216' , NULL, 'http://url' )
,('2022001',  7, '발행 플랫폼 개발', '상품 발행 개발'                       , '상품 발행 개발'                       , '이종숙' , 'PS06', '고급(IS)', '20230416', 7  , ARRAY [0.0, 0.0, 1.0, 1.0, 1.0, 1.0, 1.0, 1.0, 1.0, 0.0] , '', 'SF02', '', '',        0, 0, '20230416' , '20230416' , NULL, 'http://url' )
,('2022001',  8, '발행 플랫폼 개발', '상품 발행 개발'                       , '상품 발행 개발'                       , 'TBD'    , 'PS05', '중급(IS)', '20230416', 7  , ARRAY [0.0, 0.0, 1.0, 1.0, 1.0, 1.0, 1.0, 1.0, 1.0, 0.0] , '', 'SF01', '', '',        0, 0, '20230416' , '20230416' , NULL, NULL         )
,('2022001',  9, '발행 플랫폼 개발', '상품 발행 개발'                       , '상품 발행 개발'                       , 'TBD'    , 'PS04', '중급(IS)', '20230416', 7  , ARRAY [0.0, 0.0, 1.0, 1.0, 1.0, 1.0, 1.0, 1.0, 1.0, 0.0] , '', 'SF02', '', '',        0, 0, '20230416' , '20230416' , NULL, 'http://url' )
,('2022001', 10, '발행 플랫폼 개발', '청약 업무 개발/PL'                    , '청약 업무 개발/PL'                    , '홍종미' , 'PS07', '특급(IS)', '20230216', 9  , ARRAY [1.0, 1.0, 1.0, 1.0, 1.0, 1.0, 1.0, 1.0, 1.0, 0.0] , '', 'SF02', '', '',        0, 0, '20230216' , '20230216' , NULL, 'http://url' )
,('2022001', 11, '발행 플랫폼 개발', '청약 업무 개발'                       , '청약 업무 개발'                       , '구나경' , 'PS06', '고급(IS)', '20230416', 7  , ARRAY [0.0, 0.0, 1.0, 1.0, 1.0, 1.0, 1.0, 1.0, 1.0, 0.0] , '', 'SF02', '', '',        0, 0, '20230416' , '20230416' , NULL, 'http://url' )
,('2022001', 12, '발행 플랫폼 개발', '청약 업무 개발'                       , '청약 업무 개발'                       , 'TBD'    , 'PS05', '중급(IS)', '20230416', 7  , ARRAY [0.0, 0.0, 1.0, 1.0, 1.0, 1.0, 1.0, 1.0, 1.0, 0.0] , '', 'SF02', '', '',        0, 0, '20230416' , '20230416' , NULL, 'http://url' )
,('2022001', 13, '발행 플랫폼 개발', '청약 업무 개발'                       , '청약 업무 개발'                       , 'TBD'    , 'PS05', '중급(IS)', '20230416', 7  , ARRAY [0.0, 0.0, 1.0, 1.0, 1.0, 1.0, 1.0, 1.0, 1.0, 0.0] , '', 'SF02', '', '',        0, 0, '20230416' , '20230416' , NULL, 'http://url' )
,('2022001', 14, '발행 플랫폼 개발', '청약 업무 개발'                       , '청약 업무 개발'                       , 'TBD'    , 'PS04', '초급(IS)', '20230416', 7  , ARRAY [0.0, 0.0, 1.0, 1.0, 1.0, 1.0, 1.0, 1.0, 1.0, 0.0] , '', 'SF02', '', '',        0, 0, '20230416' , '20230416' , NULL, 'http://url' )
,('2022001', 15, '발행 플랫폼 개발', '상환 업무 개발'                       , '상환 업무 개발'                       , '김지현' , 'PS05', '고급(IS)', '20230316', 8  , ARRAY [0.0, 1.0, 1.0, 1.0, 1.0, 1.0, 1.0, 1.0, 1.0, 0.0] , '', 'SF01', '', '',        0, 0, '20230316' , '20230316' , NULL, NULL         )
,('2022001', 16, '발행 플랫폼 개발', '상환 업무 개발'                       , '상환 업무 개발'                       , 'TBD'    , 'PS04', '중급(IS)', '20230416', 7  , ARRAY [0.0, 0.0, 1.0, 1.0, 1.0, 1.0, 1.0, 1.0, 1.0, 0.0] , '', 'SF02', '', '',        0, 0, '20230416' , '20230416' , NULL, 'http://url' )
,('2022001', 17, '발행 플랫폼 개발', '상환 업무 개발'                       , '상환 업무 개발'                       , 'TBD'    , 'PS01', '초급(IS)', '20230416', 7  , ARRAY [0.0, 0.0, 1.0, 1.0, 1.0, 1.0, 1.0, 1.0, 1.0, 0.0] , '', 'SF02', '', '',        0, 0, '20230416' , '20230416' , NULL, 'http://url' )
,('2022001', 18, '발행 플랫폼 개발', '제휴청약 API 개발'                    , '제휴청약 API 개발'                    , '이동욱' , 'PS06', '고급(IS)', '20230416', 7  , ARRAY [0.0, 0.0, 1.0, 1.0, 1.0, 1.0, 1.0, 1.0, 1.0, 0.0] , '', 'SF02', '', '',        0, 0, '20230416' , '20230416' , NULL, 'http://url' )
,('2022001', 19, '발행 플랫폼 개발', '제휴청약 API 관리 개발'               , '제휴청약 API 관리 개발'               , 'TBD'    , 'PS01', '초급(IS)', '20230416', 6.5, ARRAY [0.0, 0.0, 1.0, 1.0, 1.0, 1.0, 1.0, 1.0, 0.5, 0.0] , '', 'SF02', '', '',        0, 0, '20230416' , '20230416' , NULL, 'http://url' )
,('2022001', 20, '발행 플랫폼 개발', '권리 업무 개발'                       , '권리 업무 개발'                       , '김미란' , 'PS05', '고급(IS)', '20230416', 7  , ARRAY [0.0, 0.0, 1.0, 1.0, 1.0, 1.0, 1.0, 1.0, 1.0, 0.0] , '', 'SF01', '', '',        0, 0, '20230416' , '20230416' , NULL, NULL         )
,('2022001', 21, '발행 플랫폼 개발', '권리 업무 개발'                       , '권리 업무 개발'                       , 'TBD'    , 'PS04', '중급(IS)', '20230416', 7  , ARRAY [0.0, 0.0, 1.0, 1.0, 1.0, 1.0, 1.0, 1.0, 1.0, 0.0] , '', 'SF02', '', '',        0, 0, '20230416' , '20230416' , NULL, 'http://url' )
,('2022001', 22, '발행 플랫폼 개발', '권리 업무 개발'                       , '권리 업무 개발'                       , 'TBD'    , 'PS01', '초급(IS)', '20230416', 7  , ARRAY [0.0, 0.0, 1.0, 1.0, 1.0, 1.0, 1.0, 1.0, 1.0, 0.0] , '', 'SF02', '', '',        0, 0, '20230416' , '20230416' , NULL, 'http://url' )
,('2022001', 23, '발행 플랫폼 개발', '대외연계(KRX, KSD)'                   , '대외연계(KRX, KSD)'                   , '박진실' , 'PS06', '고급(IS)', '20230416', 7  , ARRAY [0.0, 0.0, 1.0, 1.0, 1.0, 1.0, 1.0, 1.0, 1.0, 0.0] , '', 'SF01', '', '',        0, 0, '20230416' , '20230416' , NULL, NULL         )
,('2022001', 24, '발행 플랫폼 개발', '대외연계(KRX, KSD)'                   , '대외연계(KRX, KSD)'                   , 'TBD'    , 'PS04', '중급(IS)', '20230416', 7  , ARRAY [0.0, 0.0, 1.0, 1.0, 1.0, 1.0, 1.0, 1.0, 1.0, 0.0] , '', 'SF02', '', '',        0, 0, '20230416' , '20230416' , NULL, 'http://url' )
,('2022001', 25, '발행 요건정의/PL', '스마트컨트랙트(블록체인 원장) 개발/PL', '스마트컨트랙트(블록체인 원장) 개발/PL', '윤광석' , 'PS07', '특급(IT)', '20230216', 9  , ARRAY [1.0, 1.0, 1.0, 1.0, 1.0, 1.0, 1.0, 1.0, 1.0, 0.0] , '', 'SF02', '', '',        0, 0, '20230216' , '20230216' , NULL, 'http://url' )
,('2022001', 26, '발행 플랫폼 개발', '스마트컨트랙트(블록체인 원장) 개발'   , '스마트컨트랙트(블록체인 원장) 개발'   , '김동길' , 'PS06', '고급(IS)', '20230416', 7  , ARRAY [0.0, 0.0, 1.0, 1.0, 1.0, 1.0, 1.0, 1.0, 1.0, 0.0] , '', 'SF02', '', '',        0, 0, '20230416' , '20230416' , NULL, 'http://url' )
,('2022001', 27, '발행 플랫폼 개발', '스마트컨트랙트(블록체인 원장) 개발'   , '스마트컨트랙트(블록체인 원장) 개발'   , 'TBD'    , 'PS04', '초급(IS)', '20230416', 7  , ARRAY [0.0, 0.0, 1.0, 1.0, 1.0, 1.0, 1.0, 1.0, 1.0, 0.0] , '', 'SF02', '', '',        0, 0, '20230416' , '20230416' , NULL, 'http://url' )
,('2022001', 28, '발행 플랫폼 개발', '스마트컨트랙트(블록체인 원장) 개발'   , '스마트컨트랙트(블록체인 원장) 개발'   , '유민웅' , 'PS04', '중급(IS)', '20230416', 7  , ARRAY [0.0, 0.0, 1.0, 1.0, 1.0, 1.0, 1.0, 1.0, 1.0, 0.0] , '', 'SF02', '', '',        0, 0, '20230416' , '20230416' , NULL, 'http://url' )
,('2022001', 29, '발행 플랫폼 개발', '화면/서비스 연계 개발'                , '화면/서비스 연계 개발'                , 'TBD'    , 'PS04', '중급(IS)', '20230416', 6.5, ARRAY [0.0, 0.0, 1.0, 1.0, 1.0, 1.0, 1.0, 1.0, 0.5, 0.0] , '', 'SF02', '', '',        0, 0, '20230416' , '20230416' , NULL, 'http://url' )
,('2022001', 30, '발행 플랫폼 개발', '화면/서비스 연계 개발'                , '화면/서비스 연계 개발'                , 'TBD'    , 'PS01', '초급(IS)', '20230416', 6.5, ARRAY [0.0, 0.0, 1.0, 1.0, 1.0, 1.0, 1.0, 1.0, 0.5, 0.0] , '', 'SF02', '', '',        0, 0, '20230416' , '20230416' , NULL, 'http://url' )
,('2022001', 31, '발행 플랫폼 개발', '공통 모듈 개발/PL'                    , '공통 모듈 개발/PL'                    , '신갑식' , 'PS07', '특급(IS)', '20230216', 9  , ARRAY [1.0, 1.0, 1.0, 1.0, 1.0, 1.0, 1.0, 1.0, 1.0, 0.0] , '', 'SF02', '', '',        0, 0, '20230216' , '20230216' , NULL, 'http://url' )
,('2022001', 32, '발행 플랫폼 개발', '공통 모듈 개발'                       , '공통 모듈 개발'                       , 'TBD'    , 'PS06', '고급(IS)', '20230416', 6.5, ARRAY [0.0, 0.0, 1.0, 1.0, 1.0, 1.0, 1.0, 1.0, 0.5, 0.0] , '', 'SF02', '', '',        0, 0, '20230416' , '20230416' , NULL, 'http://url' )
,('2022001', 33, '발행 플랫폼 개발', '공통 모듈 개발'                       , '공통 모듈 개발'                       , 'TBD'    , 'PS04', '중급(IS)', '20230416', 6.5, ARRAY [0.0, 0.0, 1.0, 1.0, 1.0, 1.0, 1.0, 1.0, 0.5, 0.0] , '', 'SF02', '', '',        0, 0, '20230416' , '20230416' , NULL, 'http://url' )
,('2022001', 34, '레가시 개발'     , '계좌 개설/발급'                       , '계좌 개설/발급'                       , 'TBD'    , 'PS07', '특급(LG)', '20230416', 7  , ARRAY [0.0, 0.0, 1.0, 1.0, 1.0, 1.0, 1.0, 1.0, 1.0, 0.0] , '', 'SF02', '', '',        0, 0, '20230416' , '20230416' , NULL, 'http://url' )
,('2022001', 35, '레가시 개발'     , '투자 예치금 관리'                     , '투자 예치금 관리'                     , '강상오' , 'PS06', '고급(LG)', '20230416', 7  , ARRAY [0.0, 0.0, 1.0, 1.0, 1.0, 1.0, 1.0, 1.0, 1.0, 0.0] , '', 'SF02', '', '',        0, 0, '20230416' , '20230416' , NULL, 'http://url' )
,('2022001', 36, '인프라'          , 'AA'                                   , 'AA'                                   , '최세곤' , 'PS07', '특급(IF)', '20230216', 9  , ARRAY [1.0, 1.0, 1.0, 1.0, 1.0, 1.0, 1.0, 1.0, 1.0, 0.0] , '', 'SF02', '', '',        0, 0, '20230216' , '20230216' , NULL, 'http://url' )
,('2022001', 37, '인프라'          , 'TA'                                   , 'TA'                                   , 'TBD'    , 'PS07', '특급(IF)', '20230216', 9  , ARRAY [1.0, 1.0, 1.0, 1.0, 1.0, 1.0, 1.0, 1.0, 1.0, 0.0] , '', 'SF02', '', '',        0, 0, '20230216' , '20230216' , NULL, NULL         )
;

-- 컬럼: 25개
-- 임직원급여정보
INSERT INTO SF001M1
(
 STAFF_ID
,PAY_DAY
,STAFF_NM
,BIRTH_DT
,OFCRSP_NM
,POSTN_CD
,ENTRN_DT
,RESGN_DT
,RESGN_YN
,WORK_PLACE
,BASE_PAY
,OFCRSP_PAY
,MEAL_PAY
,INSRN_PAY
,RSRCH_PAY
,DRIVE_PAY
,CHLDC_PAY
,CMNCTN_PAY
,EXTRA_PAY
,IRP_PAY
,INCTV_PAY
,BANK_NM
,ACCNT_NO
,TEL_NO
,EMAIL_ADDR
)
VALUES
 ('706001' , '10', '김영애', NULL, '경영지원실장'   , 'PS20', '', ''        , 'N', '본사'    , '3700000', '1,000,000', '200,000', '0'      , '0'      , '0'      , '0'      , '0'      , '0'        , '0', '0', '기업'      , '082-111462-01-017', '010-6362-3955', 'kya8520@naver.com'     )
,('801001' , '10', '최희철', NULL, 'PL'             , 'PS07', '', ''        , 'N', '프로젝트', '3600000', '0'        , '200,000', '0'      , '0'      , '200,000', '0'      , '100,000', '0'        , '0', '0', '기업'      , '082-059483-01-014', '010-9647-1789', 'mouse103@naver.com'    )
,('1311001', '10', '정병곤', NULL, '금융사업팀장/PL', 'PS07', '', ''        , 'N', '프로젝트', '3500000', '0'        , '200,000', '0'      , '0'      , '0'      , '0'      , '0'      , '850,000'  , '0', '0', '기업'      , '082-110598-01-018', '010-4709-1912', 'jramagon@nate.com'     )
,('1511006', '10', '김미란', NULL, 'SP'             , 'PS05', '', ''        , 'N', '프로젝트', '3400000', '0'        , '200,000', '0'      , '0'      , '0'      , '0'      , '0'      , '0'        , '0', '0', '기업'      , '082-111616-01-014', '010-8522-6678', 'seungmi6678@gmail.com' )
,('1511007', '10', '김지현', NULL, 'SP'             , 'PS05', '', ''        , 'N', '프로젝트', '3300000', '0'        , '200,000', '36,410' , '0'      , '0'      , '0'      , '0'      , '0'        , '0', '0', '기업'      , '010-3842-8821'    , '010-3842-8821', 'secrecy37@naver.com'   )
,('1511014', '10', '공현배', NULL, 'SP'             , 'PS05', '', ''        , 'N', '프로젝트', '3200000', '0'        , '200,000', '54,250' , '0'      , '0'      , '0'      , '0'      , '1,680,000', '0', '0', '기업'      , '010-8011-8077'    , '010-8011-8077', 'rhdgusqo@nate.com'     )
,('1701001', '10', '박준홍', NULL, ''               , 'PS04', '', ''        , 'N', '사외'    , '3100000', '0'        , '200,000', '0'      , '0'      , '0'      , '0'      , '0'      , '0'        , '0', '0', '신한'      , '110-447-888210'   , '010-3997-4906', 'jip49@hanmail.net'     )
,('1705001', '10', '김성국', NULL, 'PL'             , 'PS07', '', ''        , 'N', '프로젝트', '3000000', '0'        , '200,000', '0'      , '0'      , '200,000', '100,000', '100,000', '850,000'  , '0', '0', '기업'      , '082-110827-01-010', '010-5252-8440', 'laputaksk@hanmail.net' )
,('1705002', '10', '정윤서', NULL, '총무팀장'       , 'PS05', '', ''        , 'N', '본사'    , '2900000', '200,000'  , '200,000', '35,000' , '0'      , '0'      , '0'      , '0'      , '0'        , '0', '0', '기업'      , '082-111460-01-010', '010-6799-8713', 'yoonseow87@naver.com'  )
,('2001001', '10', '유정희', NULL, '컨설팅'         , 'PS07', '', ''        , 'N', '프로젝트', '2800000', '0'        , '200,000', '51,340' , '0'      , '0'      , '0'      , '0'      , '0'        , '0', '0', '신한'      , '100-007-047693'   , '010-2336-3214', ''                      )
,('2001002', '10', '곽영'  , NULL, ''               , 'PS07', '', ''        , 'N', '영업'    , '2700000', '0'        , '200,000', '0'      , '0'      , '0'      , '0'      , '0'      , '0'        , '0', '0', '하나'      , '413-910446-36207' , '010-6207-1474', ''                      )
,('2003002', '10', '김동식', NULL, ''               , 'PS06', '', ''        , 'N', '한투os'  , '2600000', '0'        , '200,000', '0'      , '0'      , '0'      , '0'      , '0'      , '0'        , '0', '0', '제일'      , '130-20-205717'    , '010-4561-8896', '007dskim@hanmail.net'  )
,('2011001', '10', '박진실', NULL, ''               , 'PS06', '', ''        , 'N', '프로젝트', '2500000', '0'        , '200,000', '51,030' , '0'      , '0'      , '0'      , '0'      , '1,300,000', '0', '0', '국민'      , '349401-04-029954' , '010-2831-5476', 'jinsil@farmru.com'     )
,('2101002', '10', '차효동', NULL, ''               , 'PS04', '', ''        , 'N', '프로젝트', '2400000', '0'        , '200,000', '98,650' , '0'      , '0'      , '0'      , '0'      , '0'        , '0', '0', '기업'      , '478-067952-01-010', '010-6788-8618', ''                      )
,('2103001', '10', '최정근', NULL, 'SP'             , 'PS05', '', ''        , 'N', '연구소'  , '2300000', '0'        , '200,000', '54,600' , '200,000', '0'      , '0'      , '0'      , '0'        , '0', '0', '신한'      , '110-447-502987'   , '010-9050-8520', 'gomsemarie@gmail.com'  )
,('2106001', '10', '김봉하', NULL, ''               , 'PS13', '', ''        , 'N', '본사'    , '2200000', '500,000'  , '200,000', '108,260', '0'      , '0'      , '0'      , '0'      , '0'        , '0', '0', '국민'      , '067-24-0154-307'  , '010-9035-0073', ''                      )
,('2109001', '10', '최찬기', NULL, 'PM'             , 'PS10', '', ''        , 'N', '프로젝트', '2100000', '0'        , '200,000', '103,200', '0'      , '0'      , '0'      , '0'      , '0'        , '0', '0', '하나'      , '149-910271-69107' , '010-3199-6675', 'gamkoko@naver.com'     )
,('2110001', '10', '김여정', NULL, ''               , 'PS04', '', ''        , 'N', '한투os'  , '2000000', '0'        , '200,000', '0'      , '0'      , '0'      , '0'      , '0'      , '0'        , '0', '0', '국민'      , '99067-855063'     , '010-9067-8550', 'yeojeong728@naver.com' )
,('2201002', '10', '김재원', NULL, 'SP'             , 'PS05', '', ''        , 'N', '연구소'  , '1900000', '0'        , '200,000', '93,630' , '200,000', '0'      , '0'      , '0'      , '0'        , '0', '0', '기업'      , '281-052753-01-011', '010-7181-1435', 'flightrabbit@naver.com')
,('2201003', '10', '배수연', NULL, ''               , 'PS02', '', ''        , 'N', '본사'    , '1800000', '0'        , '200,000', '40,430' , '0'      , '0'      , '0'      , '100,000', '0'        , '0', '0', '농협'      , '356-0855-6826-43' , '010-3924-5133', 'ehowldia_3@naver.com'  )
,('2205001', '10', '유현정', NULL, ''               , 'PS06', '', '20230224', 'N', 'sk증권'  , '1700000', '0'        , '200,000', '0'      , '0'      , '0'      , '0'      , '0'      , '0'        , '0', '0', '하나'      , '85391-0039-94907' , '010-9015-8640', 'tinkbe1@naver.com'     )
,('2206001', '10', '이숭창', NULL, 'PM'             , 'PS10', '', ''        , 'N', '프로젝트', '1600000', '0'        , '200,000', '76,060' , '0'      , '0'      , '0'      , '0'      , '0'        , '0', '0', '하나'      , '419-910281-42807' , '010-2880-6673', 'schang.lee@hanmail.net')
,('2209001', '10', '박건률', NULL, 'PJ'             , 'PS04', '', ''        , 'N', '연구소'  , '1500000', '0'        , '200,000', '0'      , '200,000', '0'      , '0'      , '0'      , '0'        , '0', '0', '하나'      , '402-910987-84007' , '010-2780-8320', 'kof5656@gmail.com'     )
,('2210001', '10', '최영식', NULL, '자문'           , 'PS10', '', ''        , 'N', '본사'    , '1400000', '0'        , '200,000', '0'      , '0'      , '0'      , '0'      , '0'      , '0'        , '0', '0', '기업'      , '082-051909-01-024', '010-9003-8506', ''                      )
,('2301001', '10', '최은진', NULL, ''               , 'PS04', '', ''        , 'N', '연구소'  , '1300000', '0'        , '200,000', '47,600' , '200,000', '0'      , '0'      , '0'      , '0'        , '0', '0', '신한'      , '110-463-102776'   , '010-2615-3955', 'dmswlssla27@gmail.com' )
,('2301002', '10', '홍사민', NULL, 'PJ'             , 'PS04', '', ''        , 'N', '연구소'  , '1200000', '0'        , '200,000', '0'      , '200,000', '0'      , '0'      , '0'      , '0'        , '0', '0', '신한'      , '110-382-574989'   , '010-5014-0349', 'ghdtkals15@gmail.com'  )
,('2301003', '10', '박보영', NULL, ''               , 'PS04', '', ''        , 'N', '연구소'  , '1100000', '0'        , '200,000', '35,000' , '200,000', '0'      , '0'      , '0'      , '0'        , '0', '0', '카카오뱅크', '3333-10-6591377'  , '010-9106-7379', 'do3ob11@naver.com'     )
;

-- 컬럼: 38개
-- 임직원급여내역
INSERT INTO SF001L1
(
 STD_DT
,SEQ_NO
,PAY_DAY
,STAFF_NM
,STAFF_ID
,OFCRSP_NM
,WORK_PLACE
,BIRTH_DT
,ENTRN_DT
,RESGN_DT
,RESGN_YN
,POSTN_CD
,BASE_PAY
,OFCRSP_PAY
,MEAL_PAY
,INSRN_PAY
,RSRCH_PAY
,DRIVE_PAY
,CHLDC_PAY
,CMNCTN_PAY
,EXTRA_PAY
,IRP_PAY
,INCTV_PAY
,PAY_SUM
,NATNL_PENSN_TAX
,HELTH_INSRN_TAX
,EMPLMT_INSRN_TAX
,CARE_INSRN_TAX
,INCM_TAX
,LOCAL_INCM_TAX
,ETC_DDCTN_PRC
,DDCTN_SUM_PRC
,NETPY_PAY
,CHRG_PRC
,BANK_NM
,ACCNT_NO
,TEL_NO
,EMAIL_ADDR
)
VALUES
 ('202301', 1   , '10', '김영애', '706001' , '경영지원실장'   , '본사'    , NULL, NULL, NULL      , 'N' , 'PS20', 3700000, 1000000, 200000, 0     , 0     , 0     , 0     , 0     , 0      , 0, 0, 4900000, 248850, 301580, 0    , 37000, 1165980, 116590, 0, 1870000, 3030000, 0, '기업'      , '082-111462-01-017', '010-6362-3955', 'kya8520@naver.com'     )
,('202301', 2   , '10', '최희철', '801001' , 'PL'             , '프로젝트', NULL, NULL, NULL      , 'N' , 'PS07', 3600000, 0      , 200000, 0     , 0     , 200000, 0     , 100000, 0      , 0, 0, 4100000, 247950, 207780, 71100, 25390, 732430 , 73240 , 0, 1357890, 2742110, 0, '기업'      , '082-059483-01-014', '010-9647-1789', 'mouse103@naver.com'    )
,('202301', 3   , '10', '정병곤', '1311001', '금융사업팀장/PL', '프로젝트', NULL, NULL, NULL      , 'N' , 'PS07', 3500000, 0      , 200000, 0     , 0     , 0     , 0     , 0     , 850000 , 0, 0, 4550000, 205420, 167330, 60300, 20490, 428120 , 42810 , 0, 924470 , 3625530, 0, '기업'      , '082-110598-01-018', '010-4709-1912', 'jramagon@nate.com'     )
,('202301', 4   , '10', '김미란', '1511006', 'SP'             , '프로젝트', NULL, NULL, NULL      , 'N' , 'PS05', 3400000, 0      , 200000, 0     , 0     , 0     , 0     , 0     , 0      , 0, 0, 3600000, 246370, 233370, 67590, 28330, 891100 , 89110 , 0, 1555870, 2044130, 0, '기업'      , '082-111616-01-014', '010-8522-6678', 'seungmi6678@gmail.com' )
,('202301', 5   , '10', '김지현', '1511007', 'SP'             , '프로젝트', NULL, NULL, NULL      , 'N' , 'PS05', 3300000, 0      , 200000, 36410 , 0     , 0     , 0     , 0     , 0      , 0, 0, 3536410, 246370, 235730, 66470, 28600, 863890 , 86380 , 0, 1527440, 2008970, 0, '기업'      , '010-3842-8821'    , '010-3842-8821', 'secrecy37@naver.com'   )
,('202301', 6   , '10', '공현배', '1511014', 'SP'             , '프로젝트', NULL, NULL, NULL      , 'N' , 'PS05', 3200000, 0      , 200000, 54250 , 0     , 0     , 0     , 0     , 1680000, 0, 0, 5134250, 248850, 308230, 71850, 37120, 999970 , 99990 , 0, 1766010, 3368240, 0, '기업'      , '010-8011-8077'    , '010-8011-8077', 'rhdgusqo@nate.com'     )
,('202301', 7   , '10', '박준홍', '1701001', NULL             , '사외'    , NULL, NULL, NULL      , 'N' , 'PS04', 3100000, 0      , 200000, 0     , 0     , 0     , 0     , 0     , 0      , 0, 0, 3300000, 62730 , 49420 , 12000, 6060 , 4420   , 440   , 0, 135070 , 3164930, 0, '신한'      , '110-447-888210'   , '010-3997-4906', 'jip49@hanmail.net'     )
,('202301', 8   , '10', '김성국', '1705001', 'PL'             , '프로젝트', NULL, NULL, NULL      , 'N' , 'PS07', 3000000, 0      , 200000, 0     , 0     , 200000, 100000, 100000, 850000 , 0, 0, 4450000, 248850, 295020, 81000, 35770, 1236180, 123610, 0, 2020430, 2429570, 0, '기업'      , '082-110827-01-010', '010-5252-8440', 'laputaksk@hanmail.net' )
,('202301', 9   , '10', '정윤서', '1705002', '총무팀장'       , '본사'    , NULL, NULL, NULL      , 'N' , 'PS05', 2900000, 200000 , 200000, 35000 , 0     , 0     , 0     , 0     , 0      , 0, 0, 3335000, 110380, 96150 , 24160, 11710, 57040  , 5700  , 0, 305140 , 3029860, 0, '기업'      , '082-111460-01-010', '010-6799-8713', 'yoonseow87@naver.com'  )
,('202301', 10  , '10', '유정희', '2001001', '컨설팅'         , '프로젝트', NULL, NULL, NULL      , 'N' , 'PS07', 2800000, 0      , 200000, 51340 , 0     , 0     , 0     , 0     , 0      , 0, 0, 3051340, 85050 , 66980 , 17560, 8210 , 18210  , 1820  , 0, 197830 , 2853510, 0, '신한'      , '100-007-047693'   , '010-2336-3214', NULL                    )
,('202301', 11  , '10', '곽영'  , '2001002', NULL             , '영업'    , NULL, NULL, NULL      , 'N' , 'PS07', 2700000, 0      , 200000, 0     , 0     , 0     , 0     , 0     , 0      , 0, 0, 2900000, 83920 , 66110 , 14000, 8110 , 14080  , 1400  , 0, 187620 , 2712380, 0, '하나'      , '413-910446-36207' , '010-6207-1474', NULL                    )
,('202301', 12  , '10', '김동식', '2003002', NULL             , '한투os'  , NULL, NULL, NULL      , 'N' , 'PS06', 2600000, 0      , 200000, 0     , 0     , 0     , 0     , 0     , 0      , 0, 0, 2800000, 248850, 278540, 68400, 34070, 913780 , 91370 , 0, 1635010, 1164990, 0, '제일'      , '130-20-205717'    , '010-4561-8896', '007dskim@hanmail.net'  )
,('202301', 13  , '10', '박진실', '2011001', NULL             , '프로젝트', NULL, NULL, NULL      , 'N' , 'PS06', 2500000, 0      , 200000, 51030 , 0     , 0     , 0     , 0     , 1300000, 0, 0, 4051030, 107050, 84310 , 26550, 10340, 80140  , 8010  , 0, 316400 , 3734630, 0, '국민'      , '349401-04-029954' , '010-2831-5476', 'jinsil@farmru.com'     )
,('202301', 14  , '10', '차효동', '2101002', NULL             , '프로젝트', NULL, NULL, NULL      , 'N' , 'PS04', 2400000, 0      , 200000, 98650 , 0     , 0     , 0     , 0     , 0      , 0, 0, 2698650, 151420, 119260, 35980, 14630, 208290 , 20820 , 0, 550400 , 2148250, 0, '기업'      , '478-067952-01-010', '010-6788-8618', NULL                    )
,('202301', 15  , '10', '최정근', '2103001', 'SP'             , '연구소'  , NULL, NULL, NULL      , 'N' , 'PS05', 2300000, 0      , 200000, 54600 , 200000, 0     , 0     , 0     , 0      , 0, 0, 2754600, 205780, 163040, 0    , 20000, 412180 , 41210 , 0, 842210 , 1912390, 0, '신한'      , '110-447-502987'   , '010-9050-8520', 'gomsemarie@gmail.com'  )
,('202301', 16  , '10', '김봉하', '2106001', NULL             , '본사'    , NULL, NULL, NULL      , 'N' , 'PS13', 2200000, 500000 , 200000, 108260, 0     , 0     , 0     , 0     , 0      , 0, 0, 3008260, 0     , 101850, 31570, 12490, 142220 , 14220 , 0, 302350 , 2705910, 0, '국민'      , '067-24-0154-307'  , '010-9035-0073', NULL                    )
,('202301', 17  , '10', '최찬기', '2109001', 'PM'             , '프로젝트', NULL, NULL, NULL      , 'N' , 'PS10', 2100000, 0      , 200000, 103200, 0     , 0     , 0     , 0     , 0      , 0, 0, 2403200, 248850, 207070, 54020, 25400, 550900 , 55090 , 0, 1141330, 1261870, 0, '하나'      , '149-910271-69107' , '010-3199-6675', 'gamkoko@naver.com'     )
,('202301', 18  , '10', '김여정', '2110001', NULL             , '한투os'  , NULL, NULL, NULL      , 'N' , 'PS04', 2000000, 0      , 200000, 0     , 0     , 0     , 0     , 0     , 0      , 0, 0, 2200000, 105880, 67640 , 21600, 8290 , 33570  , 3350  , 0, 240330 , 1959670, 0, '국민'      , '99067-855063'     , '010-9067-8550', 'yeojeong728@naver.com' )
,('202301', 19  , '10', '김재원', '2201002', 'SP'             , '연구소'  , NULL, NULL, NULL      , 'N' , 'PS05', 1900000, 0      , 200000, 93630 , 200000, 0     , 0     , 0     , 0      , 0, 0, 2393630, 244800, 190120, 49800, 23320, 423400 , 42340 , 0, 973780 , 1419850, 0, '기업'      , '281-052753-01-011', '010-7181-1435', 'flightrabbit@naver.com')
,('202301', 20  , '10', '배수연', '2201003', NULL             , '본사'    , NULL, NULL, NULL      , 'N' , 'PS02', 1800000, 0      , 200000, 40430 , 0     , 0     , 0     , 100000, 0      , 0, 0, 2140430, 103500, 80380 , 21060, 9860 , 3040   , 300   , 0, 218140 , 1922290, 0, '농협'      , '356-0855-6826-43' , '010-3924-5133', 'ehowldia_3@naver.com'  )
,('202301', 21  , '10', '유현정', '2205001', NULL             , 'sk증권'  , NULL, NULL, '20230214', 'N' , 'PS06', 1700000, 0      , 200000, 0     , 0     , 0     , 0     , 0     , 0      , 0, 0, 1900000, 220500, 171250, 44100, 21010, 336440 , 33640 , 0, 826940 , 1073060, 0, '하나'      , '85391-0039-94907' , '010-9015-8640', 'tinkbe1@naver.com'     )
,('202301', 22  , '10', '이숭창', '2206001', 'PM'             , '프로젝트', NULL, NULL, NULL      , 'N' , 'PS10', 1600000, 0      , 200000, 76060 , 0     , 0     , 0     , 0     , 0      , 0, 0, 1876060, 225000, 174750, 53780, 21440, 541830 , 54180 , 0, 1070980, 805080 , 0, '하나'      , '419-910281-42807' , '010-2880-6673', 'schang.lee@hanmail.net')
,('202301', 23  , '10', '박건률', '2209001', 'PJ'             , '연구소'  , NULL, NULL, NULL      , 'N' , 'PS04', 1500000, 0      , 200000, 0     , 200000, 0     , 0     , 0     , 0      , 0, 0, 1900000, 153000, 118830, 30600, 14580, 129990 , 12990 , 0, 459990 , 1440010, 0, '하나'      , '402-910987-84007' , '010-2780-8320', 'kof5656@gmail.com'     )
,('202301', 24  , '10', '최영식', '2210001', '자문'           , '본사'    , NULL, NULL, NULL      , 'N' , 'PS10', 1400000, 0      , 200000, 0     , 0     , 0     , 0     , 0     , 0      , 0, 0, 1600000, 248850, 346000, 0    , 42450, 1521690, 152160, 0, 2311150, 711150 , 0, '기업'      , '082-051909-01-024', '010-9003-8506', NULL                    )
,('202301', 25  , '10', '최은진', '2301001', NULL             , '연구소'  , NULL, NULL, NULL      , 'N' , 'PS04', 1300000, 0      , 200000, 47600 , 200000, 0     , 0     , 0     , 0      , 0, 0, 1747600, 151420, 119260, 35980, 14630, 208290 , 20820 , 0, 550400 , 1197200, 0, '신한'      , '110-463-102776'   , '010-2615-3955', 'dmswlssla27@gmail.com' )
,('202301', 26  , '10', '홍사민', '2301002', 'PJ'             , '연구소'  , NULL, NULL, NULL      , 'N' , 'PS04', 1200000, 0      , 200000, 0     , 200000, 0     , 0     , 0     , 0      , 0, 0, 1600000, 151420, 119260, 35980, 14630, 208290 , 20820 , 0, 550400 , 1049600, 0, '신한'      , '110-382-574989'   , '010-5014-0349', 'ghdtkals15@gmail.com'  )
,('202301', 27  , '10', '박보영', '2301003', NULL             , '연구소'  , NULL, NULL, NULL      , 'N' , 'PS04', 1100000, 0      , 200000, 35000 , 200000, 0     , 0     , 0     , 0      , 0, 0, 1535000, 153000, 118830, 30600, 14580, 129990 , 12990 , 0, 459990 , 1075010, 0, '카카오뱅크', '3333-10-6591377'  , '010-9106-7379', 'do3ob11@naver.com'     )
;

-- 컬럼: 18개
-- 계약직원급여정보
INSERT INTO FL001M1
(
 FRLNC_ID
,PAY_DAY
,FRLNC_NM
,BSNPSN_GB_CD
,BILL_ISSUE_GB_CD
,WORK_PLACE
,CMTMT_PRJCT
,CTRCT_START_DT
,CTRCT_END_DT
,RESGN_YN
,MGMNT_STAFF_NM
,WORK_STAFF_NM
,MONTH_CTRCT_PRC
,TAX_RAT
,BANK_NM
,ACCNT_NO
,TEL_NO
,EMAIL_ADDR
)
VALUES 
 ('2001001', '15', '우리컨설팅(류성희)', 'BS01', 'BI01', '본사', 'SK증권 금투세'  , '20200101', NULL      , 'N' , '유정희', '류성희', 6600000, 10  , '우리', '1002-133-885298'  , '010-2336-3214', NULL)
,('1502001', '15', '유진정보(이경숙)'  , 'BS01', 'BI02', '본사', 'SK증권 상품주식', '20150201', '20171231', 'N' , '정병곤', '이경숙', 1200000, 10  , '기업', '082-111509-01-014', '010-4709-1912', NULL)
,('2011001', '15', '원인재'            , 'BS03', 'BI00', '본사', 'SK증권 금투세'  , '20201101', '20211231', 'N' , '박진실', '원인재', 5500000, -3.3, '국민', '022-24-0177-001'  , '010-9221-8764', NULL)
,('0000001', '15', '조은정'            , 'BS03', 'BI00', '본사', 'SK증권 상품주식', NULL      , NULL      , 'N' , '김성국', '조은정', 200000 , -3.3, '신한', '110-352-081080'   , '010-9370-1062', NULL)
,('2206001', '15', '이화경'            , 'BS03', 'BI00', '본사', '본사'           , '20220601', '20230531', 'N' , '이숭창', '이화경', 4000000, -3.3, '기업', '395-04-258002015' , '010-7332-6673', NULL)
;

-- 컬럼: 27개
-- 계약직원급여내역
INSERT INTO FL001L1
(
 STD_DT
,SEQ_NO
,FRLNC_ID
,PAY_DAY
,FRLNC_NM
,BSNPSN_GB_CD
,BILL_ISSUE_GB_CD
,WORK_PLACE
,CMTMT_PRJCT
,CTRCT_START_DT
,CTRCT_END_DT
,RESGN_YN
,MGMNT_STAFF_NM
,WORK_STAFF_NM
,MONTH_CTRCT_PRC
,TAX_RAT
,CRNNT_MONTH_WORK_DAY
,CRNNT_MONTH_TOTAL_DAY
,TRFFC_PAY
,MEAL_PAY
,ETC_PAY
,ETC_DDCTN_PAY
,NETPY_PAY
,BANK_NM
,ACCNT_NO
,TEL_NO
,EMAIL_ADDR
)
VALUES
 ('202301', 1   , '2001001', '15', '우리컨설팅(류성희)', 'BS01', 'BI01', '본사', 'SK증권 금투세'  , '20200101', NULL      , 'N' , '유정희', '류성희', 6600000, 10  , 30  , 30  , 0   , 0   , 0   , 0   , 7260000, '우리', '1002-133-885298'  , '010-2336-3214', NULL)
,('202301', 2   , '1502001', '15', '유진정보(이경숙)'  , 'BS01', 'BI02', '본사', 'SK증권 상품주식', '20150201', '20171231', 'N' , '정병곤', '이경숙', 1200000, 10  , 21  , 21  , 0   , 0   , 0   , 0   , 1320000, '기업', '082-111509-01-014', '010-4709-1912', NULL)
,('202301', 3   , '2011001', '15', '원인재'            , 'BS03', 'BI00', '본사', 'SK증권 금투세'  , '20201101', '20211231', 'N' , '박진실', '원인재', 5500000, -3.3, 21  , 21  , 0   , 0   , 0   , 0   , 5318500, '국민', '022-24-0177-001'  , '010-9221-8764', NULL)
,('202301', 4   , '0000001', '15', '조은정'            , 'BS03', 'BI00', '본사', 'SK증권 상품주식', NULL      , NULL      , 'N' , '김성국', '조은정', 200000 , -3.3, 10  , 20  , 0   , 0   , 0   , 0   , 96700  , '신한', '110-352-081080'   , '010-9370-1062', NULL)
,('202301', 5   , '2206001', '15', '이화경'            , 'BS03', 'BI00', '본사', '본사'           , '20220601', '20230531', 'N' , '이숭창', '이화경', 4000000, -3.3, 20  , 20  , 0   , 0   , 0   , 0   , 3868000, '기업', '395-04-258002015' , '010-7332-6673', NULL)
;

-- 컬럼: 11개
-- 기타매입정보
INSERT INTO PC001M1
(
 SEQ_NO
,PAY_DAY
,PAY_TYPE
,DETL_CONTN
,NOTE
,BANK_NM
,ACCNT_NO
,ACCNT_HOLDR_NM
,PRC_CHNG_CD
,PYMNT_METHD
,STD_PRC
)
VALUES
 (1   , '5' , '임대료'  , '601호/602호'    , NULL                      , NULL      , NULL               , NULL                , 'PC01', '국민9 이체'  , 1091640 )
,(2   , '11', '4대보험' , '개인사업자'     , NULL                      , NULL      , NULL               , NULL                , 'PC02', '국민9 이체'  , 20000000)
,(3   , '12', '분기세금', '분기부가세'     , NULL                      , NULL      , NULL               , NULL                , 'PC02', '국민9 이체'  , 24694130)
,(4   , '12', '분기세금', '이자소득세'     , NULL                      , NULL      , NULL               , NULL                , 'PC02', '국민9 이체'  , 10709930)
,(5   , '12', '분기세금', '사업소득세'     , NULL                      , NULL      , NULL               , NULL                , 'PC02', '국민9 이체'  , 11341480)
,(6   , '12', '분기세금', '근로소득세'     , NULL                      , NULL      , NULL               , NULL                , 'PC02', '국민9 이체'  , 40923060)
,(7   , '12', '분기세금', '퇴직소득세'     , NULL                      , NULL      , NULL               , NULL                , 'PC02', '국민9 이체'  , 275460  )
,(8   , '26', '제비용'  , '차량할부'       , '현대캐피탈(자동이체)'    , NULL      , NULL               , NULL                , 'PC02', '국민9 이체'  , 1308446 )
,(9   , '26', '제비용'  , '관리비'         , '㈜영화미래관리'          , '하나은행', '360-910010-19404' , '㈜영화미래관리'    , 'PC02', '국민9 이체'  , 363910  )
,(10  , '26', '제비용'  , '세무사기장료'   , '김장현세무사'            , '국민은행', '019601-04-191710' , '㈜한국이크레딧'    , 'PC01', '국민9 이체'  , 363000  )
,(11  , '26', '제비용'  , '화환'           , '가원플라워'              , '신한은행', '317-02-377164'    , '권경화(가원플라워)', 'PC02', '국민9 이체'  , 95000   )
,(12  , '26', '제비용'  , '기타'           , '잡비'                    , NULL      , NULL               , NULL                , 'PC02', '국민9 이체'  , 100000  )
,(13  , '13', 'AWS'     , '클라우드'       , NULL                      , NULL      , NULL               , NULL                , 'PC02', '법인카드결제', 1000000 )
,(14  , '11', '프린터'  , '카피앤토너'     , NULL                      , '신한은행', '140-007-757054'   , '한국이크레딧'      , 'PC02', '자동이체'    , 110000  )
,(15  , '13', 'KT'      , '전화/인터넷'    , NULL                      , '신한은행', '140-007-757054'   , '한국이크레딧'      , 'PC02', '자동이체'    , 82850   )
,(16  , '13', '정수기'  , 'SK매직'         , NULL                      , '기업은행', '082-104270-01-011', '한국이크레딧'      , 'PC01', '자동이체'    , 39900   )
,(17  , '13', '이자'    , '농협(0935663)'  , '11.5억(5.0%, 원리금상환)', '농협은행', '355-0083-0179-93' , '한국이크레딧'      , 'PC02', '자동이체'    , 7922308 )
,(18  , '24', '이자'    , '신한(737152)'   , '1.1억(12%)'              , '신한은행', '140-007-757054'   , '한국이크레딧'      , 'PC02', '자동이체'    , 578630  )
,(19  , '24', '이자'    , '신한(625573)'   , '0.3억(12%)'              , '신한은행', '140-007-757054'   , '한국이크레딧'      , 'PC02', '자동이체'    , 305753  )
,(20  , '25', '이자'    , '하나(75342)'    , '1.8억(6.94%)'            , '하나은행', '232-890017-91304' , '한국이크레딧'      , 'PC02', '자동이체'    , 1041000 )
,(21  , '25', '이자'    , '하나(54442)'    , '1.35억(6.54%)'           , '하나은행', '232-890017-91304' , '한국이크레딧'      , 'PC02', '자동이체'    , 749974  )
,(22  , '25', '이자'    , '하나(55142)'    , '2.0억(6.54%)'            , '하나은행', '556-910012-24104' , '한국이크레딧'      , 'PC02', '자동이체'    , 1090000 )
,(23  , '25', '이자'    , '이자'           , '0.5억( %)'               , '기업은행', '082-104270-01-011', '한국이크레딧'      , 'PC01', '자동이체'    , 133944  )
,(24  , '29', '이자'    , '기업(00035)'    , '1.12억(8%)'              , '기업은행', '082-104270-01-011', '한국이크레딧'      , 'PC02', '자동이체'    , 749305  )
,(25  , '25', '법인카드', '비씨카드'       , NULL                      , '기업은행', '082-104270-01-011', '한국이크레딧'      , 'PC02', '자동이체'    , 6000000 )
,(26  , '25', '법인카드', '하나카드'       , NULL                      , '하나은행', '904-910012-95104' , '한국이크레딧'      , 'PC02', '자동이체'    , 800000  )
,(27  , '25', '법인카드', 'KB카드'         , NULL                      , '기업은행', '082-104270-01-011', '한국이크레딧'      , 'PC02', '자동이체'    , 840000  )
,(28  , '25', '보험료'  , '한화손(010건)'  , NULL                      , '기업은행', '082-104270-01-011', '한국이크레딧'      , 'PC01', '자동이체'    , 255000  )
,(29  , '25', '보험료'  , '한화손(01012건)', NULL                      , '기업은행', '082-104270-01-011', '한국이크레딧'      , 'PC01', '자동이체'    , 2000000 )
,(30  , '25', '공제'    , '내일채움공제'   , NULL                      , '기업은행', '082-104270-01-011', '한국이크레딧'      , 'PC01', '자동이체'    , 6000000 )
;

-- 컬럼: 12개
-- 기타매입내역
INSERT INTO PC001L1
(
 SEQ_NO
,PAY_DAY
,PAY_TYPE
,DETL_CONTN
,NOTE
,BANK_NM
,ACCNT_NO
,ACCNT_HOLDR_NM
,PRC_CHNG_CD
,PYMNT_METHD
,STD_DT
,PRCHS_PRC
)
VALUES 
 (1   , '5' , '임대료'      , '601호/602호' , NULL                  , NULL      , NULL               , NULL            , 'PC01', '국민9 이체'  , '202304', 3000000 )
,(1   , '5' , '임대료'      , '601호/602호' , NULL                  , NULL      , NULL               , NULL            , 'PC01', '국민9 이체'  , '202305', 4000000 )
,(1   , '5' , '임대료'      , '601호/602호' , NULL                  , NULL      , NULL               , NULL            , 'PC01', '국민9 이체'  , '202306', 4000000 )
,(1   , '5' , '임대료'      , '601호/602호' , NULL                  , NULL      , NULL               , NULL            , 'PC01', '국민9 이체'  , '202307', 4000000 )
,(1   , '5' , '임대료'      , '601호/602호' , NULL                  , NULL      , NULL               , NULL            , 'PC01', '국민9 이체'  , '202308', 4000000 )
,(1   , '5' , '임대료'      , '601호/602호' , NULL                  , NULL      , NULL               , NULL            , 'PC01', '국민9 이체'  , '202309', 4000000 )
,(1   , '5' , '임대료'      , '601호/602호' , NULL                  , NULL      , NULL               , NULL            , 'PC01', '국민9 이체'  , '202310', 4000000 )
,(1   , '5' , '임대료'      , '601호/602호' , NULL                  , NULL      , NULL               , NULL            , 'PC01', '국민9 이체'  , '202311', 4000000 )
,(1   , '5' , '임대료'      , '601호/602호' , NULL                  , NULL      , NULL               , NULL            , 'PC01', '국민9 이체'  , '202312', 4000000 )
,(1   , '5' , '임대료'      , '601호/602호' , NULL                  , NULL      , NULL               , NULL            , 'PC01', '국민9 이체'  , '202401', 4000000 )
,(2   , '11', '4대보험'     , '개인사업자'  , NULL                  , NULL      , NULL               , NULL            , 'PC02', '국민9 이체'  , '202304', 16500000)
,(2   , '11', '4대보험'     , '개인사업자'  , NULL                  , NULL      , NULL               , NULL            , 'PC02', '국민9 이체'  , '202305', 17000000)
,(2   , '11', '4대보험'     , '개인사업자'  , NULL                  , NULL      , NULL               , NULL            , 'PC02', '국민9 이체'  , '202306', 17000000)
,(2   , '11', '4대보험'     , '개인사업자'  , NULL                  , NULL      , NULL               , NULL            , 'PC02', '국민9 이체'  , '202307', 17000000)
,(2   , '11', '4대보험'     , '개인사업자'  , NULL                  , NULL      , NULL               , NULL            , 'PC02', '국민9 이체'  , '202308', 17000000)
,(2   , '11', '4대보험'     , '개인사업자'  , NULL                  , NULL      , NULL               , NULL            , 'PC02', '국민9 이체'  , '202309', 17000000)
,(2   , '11', '4대보험'     , '개인사업자'  , NULL                  , NULL      , NULL               , NULL            , 'PC02', '국민9 이체'  , '202310', 17000000)
,(2   , '11', '4대보험'     , '개인사업자'  , NULL                  , NULL      , NULL               , NULL            , 'PC02', '국민9 이체'  , '202311', 17000000)
,(2   , '11', '4대보험'     , '개인사업자'  , NULL                  , NULL      , NULL               , NULL            , 'PC02', '국민9 이체'  , '202312', 17000000)
,(2   , '11', '4대보험'     , '개인사업자'  , NULL                  , NULL      , NULL               , NULL            , 'PC02', '국민9 이체'  , '202401', 17000000)
,(8   , '26', '제비용'      , '차량할부'    , '현대캐피탈(자동이체)', NULL      , NULL               , NULL            , 'PC02', '국민9 이체'  , '202304', 1100000 )
,(8   , '26', '제비용'      , '차량할부'    , '현대캐피탈(자동이체)', NULL      , NULL               , NULL            , 'PC02', '국민9 이체'  , '202305', 1200000 )
,(8   , '26', '제비용'      , '차량할부'    , '현대캐피탈(자동이체)', NULL      , NULL               , NULL            , 'PC02', '국민9 이체'  , '202306', 1200000 )
,(8   , '26', '제비용'      , '차량할부'    , '현대캐피탈(자동이체)', NULL      , NULL               , NULL            , 'PC02', '국민9 이체'  , '202307', 1200000 )
,(8   , '26', '제비용'      , '차량할부'    , '현대캐피탈(자동이체)', NULL      , NULL               , NULL            , 'PC02', '국민9 이체'  , '202308', 1200000 )
,(8   , '26', '제비용'      , '차량할부'    , '현대캐피탈(자동이체)', NULL      , NULL               , NULL            , 'PC02', '국민9 이체'  , '202309', 1200000 )
,(8   , '26', '제비용'      , '차량할부'    , '현대캐피탈(자동이체)', NULL      , NULL               , NULL            , 'PC02', '국민9 이체'  , '202310', 1200000 )
,(8   , '26', '제비용'      , '차량할부'    , '현대캐피탈(자동이체)', NULL      , NULL               , NULL            , 'PC02', '국민9 이체'  , '202311', 1200000 )
,(8   , '26', '제비용'      , '차량할부'    , '현대캐피탈(자동이체)', NULL      , NULL               , NULL            , 'PC02', '국민9 이체'  , '202312', 1200000 )
,(8   , '26', '제비용'      , '차량할부'    , '현대캐피탈(자동이체)', NULL      , NULL               , NULL            , 'PC02', '국민9 이체'  , '202401', 1200000 )
,(9   , '26', '제비용'      , '관리비'      , '㈜영화미래관리'      , '하나은행', '360-910010-19404' , '㈜영화미래관리', 'PC02', '국민9 이체'  , '202304', 3000000 )
,(9   , '26', '제비용'      , '관리비'      , '㈜영화미래관리'      , '하나은행', '360-910010-19404' , '㈜영화미래관리', 'PC02', '국민9 이체'  , '202305', 4000000 )
,(9   , '26', '제비용'      , '관리비'      , '㈜영화미래관리'      , '하나은행', '360-910010-19404' , '㈜영화미래관리', 'PC02', '국민9 이체'  , '202306', 4000000 )
,(9   , '26', '제비용'      , '관리비'      , '㈜영화미래관리'      , '하나은행', '360-910010-19404' , '㈜영화미래관리', 'PC02', '국민9 이체'  , '202307', 4000000 )
,(9   , '26', '제비용'      , '관리비'      , '㈜영화미래관리'      , '하나은행', '360-910010-19404' , '㈜영화미래관리', 'PC02', '국민9 이체'  , '202308', 4000000 )
,(9   , '26', '제비용'      , '관리비'      , '㈜영화미래관리'      , '하나은행', '360-910010-19404' , '㈜영화미래관리', 'PC02', '국민9 이체'  , '202309', 4000000 )
,(9   , '26', '제비용'      , '관리비'      , '㈜영화미래관리'      , '하나은행', '360-910010-19404' , '㈜영화미래관리', 'PC02', '국민9 이체'  , '202310', 4000000 )
,(9   , '26', '제비용'      , '관리비'      , '㈜영화미래관리'      , '하나은행', '360-910010-19404' , '㈜영화미래관리', 'PC02', '국민9 이체'  , '202311', 4000000 )
,(9   , '26', '제비용'      , '관리비'      , '㈜영화미래관리'      , '하나은행', '360-910010-19404' , '㈜영화미래관리', 'PC02', '국민9 이체'  , '202312', 4000000 )
,(9   , '26', '제비용'      , '관리비'      , '㈜영화미래관리'      , '하나은행', '360-910010-19404' , '㈜영화미래관리', 'PC02', '국민9 이체'  , '202401', 4000000 )
,(13  , '13', 'AWS'         , '클라우드'    , NULL                  , NULL      , NULL               , NULL            , 'PC02', '법인카드결제', '202304', 3000000 )
,(13  , '13', 'AWS'         , '클라우드'    , NULL                  , NULL      , NULL               , NULL            , 'PC02', '법인카드결제', '202305', 4000000 )
,(13  , '13', 'AWS'         , '클라우드'    , NULL                  , NULL      , NULL               , NULL            , 'PC02', '법인카드결제', '202306', 4000000 )
,(13  , '13', 'AWS'         , '클라우드'    , NULL                  , NULL      , NULL               , NULL            , 'PC02', '법인카드결제', '202307', 4000000 )
,(13  , '13', 'AWS'         , '클라우드'    , NULL                  , NULL      , NULL               , NULL            , 'PC02', '법인카드결제', '202308', 4000000 )
,(13  , '13', 'AWS'         , '클라우드'    , NULL                  , NULL      , NULL               , NULL            , 'PC02', '법인카드결제', '202309', 4000000 )
,(13  , '13', 'AWS'         , '클라우드'    , NULL                  , NULL      , NULL               , NULL            , 'PC02', '법인카드결제', '202310', 4000000 )
,(13  , '13', 'AWS'         , '클라우드'    , NULL                  , NULL      , NULL               , NULL            , 'PC02', '법인카드결제', '202311', 4000000 )
,(13  , '13', 'AWS'         , '클라우드'    , NULL                  , NULL      , NULL               , NULL            , 'PC02', '법인카드결제', '202312', 4000000 )
,(13  , '13', 'AWS'         , '클라우드'    , NULL                  , NULL      , NULL               , NULL            , 'PC02', '법인카드결제', '202401', 4000000 )
,(14  , '11', '프린터'      , '카피앤토너'  , NULL                  , '신한은행', '140-007-757054'   , '한국이크레딧'  , 'PC02', '자동이체'    , '202304', 3000000 )
,(14  , '11', '프린터'      , '카피앤토너'  , NULL                  , '신한은행', '140-007-757054'   , '한국이크레딧'  , 'PC02', '자동이체'    , '202305', 4000000 )
,(14  , '11', '프린터'      , '카피앤토너'  , NULL                  , '신한은행', '140-007-757054'   , '한국이크레딧'  , 'PC02', '자동이체'    , '202306', 4000000 )
,(14  , '11', '프린터'      , '카피앤토너'  , NULL                  , '신한은행', '140-007-757054'   , '한국이크레딧'  , 'PC02', '자동이체'    , '202307', 4000000 )
,(14  , '11', '프린터'      , '카피앤토너'  , NULL                  , '신한은행', '140-007-757054'   , '한국이크레딧'  , 'PC02', '자동이체'    , '202308', 4000000 )
,(14  , '11', '프린터'      , '카피앤토너'  , NULL                  , '신한은행', '140-007-757054'   , '한국이크레딧'  , 'PC02', '자동이체'    , '202309', 4000000 )
,(14  , '11', '프린터'      , '카피앤토너'  , NULL                  , '신한은행', '140-007-757054'   , '한국이크레딧'  , 'PC02', '자동이체'    , '202310', 4000000 )
,(14  , '11', '프린터'      , '카피앤토너'  , NULL                  , '신한은행', '140-007-757054'   , '한국이크레딧'  , 'PC02', '자동이체'    , '202311', 4000000 )
,(14  , '11', '프린터'      , '카피앤토너'  , NULL                  , '신한은행', '140-007-757054'   , '한국이크레딧'  , 'PC02', '자동이체'    , '202312', 4000000 )
,(14  , '11', '프린터'      , '카피앤토너'  , NULL                  , '신한은행', '140-007-757054'   , '한국이크레딧'  , 'PC02', '자동이체'    , '202401', 4000000 )
,(15  , '13', 'KT'          , '전화/인터넷' , NULL                  , '신한은행', '140-007-757054'   , '한국이크레딧'  , 'PC02', '자동이체'    , '202304', 3000000 )
,(15  , '13', 'KT'          , '전화/인터넷' , NULL                  , '신한은행', '140-007-757054'   , '한국이크레딧'  , 'PC02', '자동이체'    , '202305', 4000000 )
,(15  , '13', 'KT'          , '전화/인터넷' , NULL                  , '신한은행', '140-007-757054'   , '한국이크레딧'  , 'PC02', '자동이체'    , '202306', 4000000 )
,(15  , '13', 'KT'          , '전화/인터넷' , NULL                  , '신한은행', '140-007-757054'   , '한국이크레딧'  , 'PC02', '자동이체'    , '202307', 4000000 )
,(15  , '13', 'KT'          , '전화/인터넷' , NULL                  , '신한은행', '140-007-757054'   , '한국이크레딧'  , 'PC02', '자동이체'    , '202308', 4000000 )
,(15  , '13', 'KT'          , '전화/인터넷' , NULL                  , '신한은행', '140-007-757054'   , '한국이크레딧'  , 'PC02', '자동이체'    , '202309', 4000000 )
,(15  , '13', 'KT'          , '전화/인터넷' , NULL                  , '신한은행', '140-007-757054'   , '한국이크레딧'  , 'PC02', '자동이체'    , '202310', 4000000 )
,(15  , '13', 'KT'          , '전화/인터넷' , NULL                  , '신한은행', '140-007-757054'   , '한국이크레딧'  , 'PC02', '자동이체'    , '202311', 4000000 )
,(15  , '13', 'KT'          , '전화/인터넷' , NULL                  , '신한은행', '140-007-757054'   , '한국이크레딧'  , 'PC02', '자동이체'    , '202312', 4000000 )
,(15  , '13', 'KT'          , '전화/인터넷' , NULL                  , '신한은행', '140-007-757054'   , '한국이크레딧'  , 'PC02', '자동이체'    , '202401', 4000000 )
,(16  , '13', '정수기'      , 'SK매직'      , NULL                  , '기업은행', '082-104270-01-011', '한국이크레딧'  , 'PC01', '자동이체'    , '202304', 3000000 )
,(16  , '13', '정수기'      , 'SK매직'      , NULL                  , '기업은행', '082-104270-01-011', '한국이크레딧'  , 'PC01', '자동이체'    , '202305', 4000000 )
,(16  , '13', '정수기'      , 'SK매직'      , NULL                  , '기업은행', '082-104270-01-011', '한국이크레딧'  , 'PC01', '자동이체'    , '202306', 4000000 )
,(16  , '13', '정수기'      , 'SK매직'      , NULL                  , '기업은행', '082-104270-01-011', '한국이크레딧'  , 'PC01', '자동이체'    , '202307', 4000000 )
,(16  , '13', '정수기'      , 'SK매직'      , NULL                  , '기업은행', '082-104270-01-011', '한국이크레딧'  , 'PC01', '자동이체'    , '202308', 4000000 )
,(16  , '13', '정수기'      , 'SK매직'      , NULL                  , '기업은행', '082-104270-01-011', '한국이크레딧'  , 'PC01', '자동이체'    , '202309', 4000000 )
,(16  , '13', '정수기'      , 'SK매직'      , NULL                  , '기업은행', '082-104270-01-011', '한국이크레딧'  , 'PC01', '자동이체'    , '202310', 4000000 )
,(16  , '13', '정수기'      , 'SK매직'      , NULL                  , '기업은행', '082-104270-01-011', '한국이크레딧'  , 'PC01', '자동이체'    , '202311', 4000000 )
,(16  , '13', '정수기'      , 'SK매직'      , NULL                  , '기업은행', '082-104270-01-011', '한국이크레딧'  , 'PC01', '자동이체'    , '202312', 4000000 )
,(16  , '13', '정수기'      , 'SK매직'      , NULL                  , '기업은행', '082-104270-01-011', '한국이크레딧'  , 'PC01', '자동이체'    , '202401', 4000000 )
,(18  , '24', '신한대출이자', '신한(737152)', '1.1억(12%)'          , '신한은행', '140-007-757054'   , '한국이크레딧'  , 'PC02', '자동이체'    , '202304', 14500000)
,(18  , '24', '신한대출이자', '신한(737152)', '1.1억(12%)'          , '신한은행', '140-007-757054'   , '한국이크레딧'  , 'PC02', '자동이체'    , '202305', 1600000 )
,(18  , '24', '신한대출이자', '신한(737152)', '1.1억(12%)'          , '신한은행', '140-007-757054'   , '한국이크레딧'  , 'PC02', '자동이체'    , '202306', 1600000 )
,(18  , '24', '신한대출이자', '신한(737152)', '1.1억(12%)'          , '신한은행', '140-007-757054'   , '한국이크레딧'  , 'PC02', '자동이체'    , '202307', 1600000 )
,(18  , '24', '신한대출이자', '신한(737152)', '1.1억(12%)'          , '신한은행', '140-007-757054'   , '한국이크레딧'  , 'PC02', '자동이체'    , '202308', 1600000 )
,(18  , '24', '신한대출이자', '신한(737152)', '1.1억(12%)'          , '신한은행', '140-007-757054'   , '한국이크레딧'  , 'PC02', '자동이체'    , '202309', 1600000 )
,(18  , '24', '신한대출이자', '신한(737152)', '1.1억(12%)'          , '신한은행', '140-007-757054'   , '한국이크레딧'  , 'PC02', '자동이체'    , '202310', 1600000 )
,(18  , '24', '신한대출이자', '신한(737152)', '1.1억(12%)'          , '신한은행', '140-007-757054'   , '한국이크레딧'  , 'PC02', '자동이체'    , '202311', 1600000 )
,(18  , '24', '신한대출이자', '신한(737152)', '1.1억(12%)'          , '신한은행', '140-007-757054'   , '한국이크레딧'  , 'PC02', '자동이체'    , '202312', 1600000 )
,(18  , '24', '신한대출이자', '신한(737152)', '1.1억(12%)'          , '신한은행', '140-007-757054'   , '한국이크레딧'  , 'PC02', '자동이체'    , '202401', 1600000 )
,(19  , '24', '신한대출이자', '신한(625573)', '0.3억(12%)'          , '신한은행', '140-007-757054'   , '한국이크레딧'  , 'PC02', '자동이체'    , '202304', 14500000)
,(19  , '24', '신한대출이자', '신한(625573)', '0.3억(12%)'          , '신한은행', '140-007-757054'   , '한국이크레딧'  , 'PC02', '자동이체'    , '202305', 1600000 )
,(19  , '24', '신한대출이자', '신한(625573)', '0.3억(12%)'          , '신한은행', '140-007-757054'   , '한국이크레딧'  , 'PC02', '자동이체'    , '202306', 1600000 )
,(19  , '24', '신한대출이자', '신한(625573)', '0.3억(12%)'          , '신한은행', '140-007-757054'   , '한국이크레딧'  , 'PC02', '자동이체'    , '202307', 1600000 )
,(19  , '24', '신한대출이자', '신한(625573)', '0.3억(12%)'          , '신한은행', '140-007-757054'   , '한국이크레딧'  , 'PC02', '자동이체'    , '202308', 1600000 )
,(19  , '24', '신한대출이자', '신한(625573)', '0.3억(12%)'          , '신한은행', '140-007-757054'   , '한국이크레딧'  , 'PC02', '자동이체'    , '202309', 1600000 )
,(19  , '24', '신한대출이자', '신한(625573)', '0.3억(12%)'          , '신한은행', '140-007-757054'   , '한국이크레딧'  , 'PC02', '자동이체'    , '202310', 1600000 )
,(19  , '24', '신한대출이자', '신한(625573)', '0.3억(12%)'          , '신한은행', '140-007-757054'   , '한국이크레딧'  , 'PC02', '자동이체'    , '202311', 1600000 )
,(19  , '24', '신한대출이자', '신한(625573)', '0.3억(12%)'          , '신한은행', '140-007-757054'   , '한국이크레딧'  , 'PC02', '자동이체'    , '202312', 1600000 )
,(19  , '24', '신한대출이자', '신한(625573)', '0.3억(12%)'          , '신한은행', '140-007-757054'   , '한국이크레딧'  , 'PC02', '자동이체'    , '202401', 1600000 )
,(20  , '25', '하나대출이자', '하나(75342)' , '1.8억(6.94%)'        , '하나은행', '232-890017-91304' , '한국이크레딧'  , 'PC02', '자동이체'    , '202304', 1400000 )
,(20  , '25', '하나대출이자', '하나(75342)' , '1.8억(6.94%)'        , '하나은행', '232-890017-91304' , '한국이크레딧'  , 'PC02', '자동이체'    , '202305', 2500000 )
,(20  , '25', '하나대출이자', '하나(75342)' , '1.8억(6.94%)'        , '하나은행', '232-890017-91304' , '한국이크레딧'  , 'PC02', '자동이체'    , '202306', 2500000 )
,(20  , '25', '하나대출이자', '하나(75342)' , '1.8억(6.94%)'        , '하나은행', '232-890017-91304' , '한국이크레딧'  , 'PC02', '자동이체'    , '202307', 2500000 )
,(20  , '25', '하나대출이자', '하나(75342)' , '1.8억(6.94%)'        , '하나은행', '232-890017-91304' , '한국이크레딧'  , 'PC02', '자동이체'    , '202308', 2500000 )
,(20  , '25', '하나대출이자', '하나(75342)' , '1.8억(6.94%)'        , '하나은행', '232-890017-91304' , '한국이크레딧'  , 'PC02', '자동이체'    , '202309', 2500000 )
,(20  , '25', '하나대출이자', '하나(75342)' , '1.8억(6.94%)'        , '하나은행', '232-890017-91304' , '한국이크레딧'  , 'PC02', '자동이체'    , '202310', 2500000 )
,(20  , '25', '하나대출이자', '하나(75342)' , '1.8억(6.94%)'        , '하나은행', '232-890017-91304' , '한국이크레딧'  , 'PC02', '자동이체'    , '202311', 2500000 )
,(20  , '25', '하나대출이자', '하나(75342)' , '1.8억(6.94%)'        , '하나은행', '232-890017-91304' , '한국이크레딧'  , 'PC02', '자동이체'    , '202312', 2500000 )
,(20  , '25', '하나대출이자', '하나(75342)' , '1.8억(6.94%)'        , '하나은행', '232-890017-91304' , '한국이크레딧'  , 'PC02', '자동이체'    , '202401', 2500000 )
,(21  , '25', '하나대출이자', '하나(54442)' , '1.35억(6.54%)'       , '하나은행', '232-890017-91304' , '한국이크레딧'  , 'PC02', '자동이체'    , '202304', 1400000 )
,(21  , '25', '하나대출이자', '하나(54442)' , '1.35억(6.54%)'       , '하나은행', '232-890017-91304' , '한국이크레딧'  , 'PC02', '자동이체'    , '202305', 2500000 )
,(21  , '25', '하나대출이자', '하나(54442)' , '1.35억(6.54%)'       , '하나은행', '232-890017-91304' , '한국이크레딧'  , 'PC02', '자동이체'    , '202306', 2500000 )
,(21  , '25', '하나대출이자', '하나(54442)' , '1.35억(6.54%)'       , '하나은행', '232-890017-91304' , '한국이크레딧'  , 'PC02', '자동이체'    , '202307', 2500000 )
,(21  , '25', '하나대출이자', '하나(54442)' , '1.35억(6.54%)'       , '하나은행', '232-890017-91304' , '한국이크레딧'  , 'PC02', '자동이체'    , '202308', 2500000 )
,(21  , '25', '하나대출이자', '하나(54442)' , '1.35억(6.54%)'       , '하나은행', '232-890017-91304' , '한국이크레딧'  , 'PC02', '자동이체'    , '202309', 2500000 )
,(21  , '25', '하나대출이자', '하나(54442)' , '1.35억(6.54%)'       , '하나은행', '232-890017-91304' , '한국이크레딧'  , 'PC02', '자동이체'    , '202310', 2500000 )
,(21  , '25', '하나대출이자', '하나(54442)' , '1.35억(6.54%)'       , '하나은행', '232-890017-91304' , '한국이크레딧'  , 'PC02', '자동이체'    , '202311', 2500000 )
,(21  , '25', '하나대출이자', '하나(54442)' , '1.35억(6.54%)'       , '하나은행', '232-890017-91304' , '한국이크레딧'  , 'PC02', '자동이체'    , '202312', 2500000 )
,(21  , '25', '하나대출이자', '하나(54442)' , '1.35억(6.54%)'       , '하나은행', '232-890017-91304' , '한국이크레딧'  , 'PC02', '자동이체'    , '202401', 2500000 )
,(22  , '25', '하나대출이자', '하나(55142)' , '2.0억(6.54%)'        , '하나은행', '556-910012-24104' , '한국이크레딧'  , 'PC02', '자동이체'    , '202304', 1400000 )
,(22  , '25', '하나대출이자', '하나(55142)' , '2.0억(6.54%)'        , '하나은행', '556-910012-24104' , '한국이크레딧'  , 'PC02', '자동이체'    , '202305', 2500000 )
,(22  , '25', '하나대출이자', '하나(55142)' , '2.0억(6.54%)'        , '하나은행', '556-910012-24104' , '한국이크레딧'  , 'PC02', '자동이체'    , '202306', 2500000 )
,(22  , '25', '하나대출이자', '하나(55142)' , '2.0억(6.54%)'        , '하나은행', '556-910012-24104' , '한국이크레딧'  , 'PC02', '자동이체'    , '202307', 2500000 )
,(22  , '25', '하나대출이자', '하나(55142)' , '2.0억(6.54%)'        , '하나은행', '556-910012-24104' , '한국이크레딧'  , 'PC02', '자동이체'    , '202308', 2500000 )
,(22  , '25', '하나대출이자', '하나(55142)' , '2.0억(6.54%)'        , '하나은행', '556-910012-24104' , '한국이크레딧'  , 'PC02', '자동이체'    , '202309', 2500000 )
,(22  , '25', '하나대출이자', '하나(55142)' , '2.0억(6.54%)'        , '하나은행', '556-910012-24104' , '한국이크레딧'  , 'PC02', '자동이체'    , '202310', 2500000 )
,(22  , '25', '하나대출이자', '하나(55142)' , '2.0억(6.54%)'        , '하나은행', '556-910012-24104' , '한국이크레딧'  , 'PC02', '자동이체'    , '202311', 2500000 )
,(22  , '25', '하나대출이자', '하나(55142)' , '2.0억(6.54%)'        , '하나은행', '556-910012-24104' , '한국이크레딧'  , 'PC02', '자동이체'    , '202312', 2500000 )
,(22  , '25', '하나대출이자', '하나(55142)' , '2.0억(6.54%)'        , '하나은행', '556-910012-24104' , '한국이크레딧'  , 'PC02', '자동이체'    , '202401', 2500000 )
,(24  , '29', 'IBK대출이자' , '기업(00035)' , '1.12억(8%)'          , '기업은행', '082-104270-01-011', '한국이크레딧'  , 'PC02', '자동이체'    , '202304', 500000  )
,(24  , '29', 'IBK대출이자' , '기업(00035)' , '1.12억(8%)'          , '기업은행', '082-104270-01-011', '한국이크레딧'  , 'PC02', '자동이체'    , '202305', 600000  )
,(24  , '29', 'IBK대출이자' , '기업(00035)' , '1.12억(8%)'          , '기업은행', '082-104270-01-011', '한국이크레딧'  , 'PC02', '자동이체'    , '202306', 600000  )
,(24  , '29', 'IBK대출이자' , '기업(00035)' , '1.12억(8%)'          , '기업은행', '082-104270-01-011', '한국이크레딧'  , 'PC02', '자동이체'    , '202307', 600000  )
,(24  , '29', 'IBK대출이자' , '기업(00035)' , '1.12억(8%)'          , '기업은행', '082-104270-01-011', '한국이크레딧'  , 'PC02', '자동이체'    , '202308', 600000  )
,(24  , '29', 'IBK대출이자' , '기업(00035)' , '1.12억(8%)'          , '기업은행', '082-104270-01-011', '한국이크레딧'  , 'PC02', '자동이체'    , '202309', 600000  )
,(24  , '29', 'IBK대출이자' , '기업(00035)' , '1.12억(8%)'          , '기업은행', '082-104270-01-011', '한국이크레딧'  , 'PC02', '자동이체'    , '202310', 600000  )
,(24  , '29', 'IBK대출이자' , '기업(00035)' , '1.12억(8%)'          , '기업은행', '082-104270-01-011', '한국이크레딧'  , 'PC02', '자동이체'    , '202311', 600000  )
,(24  , '29', 'IBK대출이자' , '기업(00035)' , '1.12억(8%)'          , '기업은행', '082-104270-01-011', '한국이크레딧'  , 'PC02', '자동이체'    , '202312', 600000  )
,(24  , '29', 'IBK대출이자' , '기업(00035)' , '1.12억(8%)'          , '기업은행', '082-104270-01-011', '한국이크레딧'  , 'PC02', '자동이체'    , '202401', 600000  )
,(25  , '25', '법인카드'    , '비씨카드'    , NULL                  , '기업은행', '082-104270-01-011', '한국이크레딧'  , 'PC02', '자동이체'    , '202304', 5000000 )
,(25  , '25', '법인카드'    , '비씨카드'    , NULL                  , '기업은행', '082-104270-01-011', '한국이크레딧'  , 'PC02', '자동이체'    , '202305', 8000000 )
,(25  , '25', '법인카드'    , '비씨카드'    , NULL                  , '기업은행', '082-104270-01-011', '한국이크레딧'  , 'PC02', '자동이체'    , '202306', 8000000 )
,(25  , '25', '법인카드'    , '비씨카드'    , NULL                  , '기업은행', '082-104270-01-011', '한국이크레딧'  , 'PC02', '자동이체'    , '202307', 8000000 )
,(25  , '25', '법인카드'    , '비씨카드'    , NULL                  , '기업은행', '082-104270-01-011', '한국이크레딧'  , 'PC02', '자동이체'    , '202308', 8000000 )
,(25  , '25', '법인카드'    , '비씨카드'    , NULL                  , '기업은행', '082-104270-01-011', '한국이크레딧'  , 'PC02', '자동이체'    , '202309', 8000000 )
,(25  , '25', '법인카드'    , '비씨카드'    , NULL                  , '기업은행', '082-104270-01-011', '한국이크레딧'  , 'PC02', '자동이체'    , '202310', 8000000 )
,(25  , '25', '법인카드'    , '비씨카드'    , NULL                  , '기업은행', '082-104270-01-011', '한국이크레딧'  , 'PC02', '자동이체'    , '202311', 8000000 )
,(25  , '25', '법인카드'    , '비씨카드'    , NULL                  , '기업은행', '082-104270-01-011', '한국이크레딧'  , 'PC02', '자동이체'    , '202312', 8000000 )
,(25  , '25', '법인카드'    , '비씨카드'    , NULL                  , '기업은행', '082-104270-01-011', '한국이크레딧'  , 'PC02', '자동이체'    , '202401', 8000000 )
,(26  , '25', '법인카드'    , '하나카드'    , NULL                  , '하나은행', '904-910012-95104' , '한국이크레딧'  , 'PC02', '자동이체'    , '202304', 100000  )
,(26  , '25', '법인카드'    , '하나카드'    , NULL                  , '하나은행', '904-910012-95104' , '한국이크레딧'  , 'PC02', '자동이체'    , '202305', 500000  )
,(26  , '25', '법인카드'    , '하나카드'    , NULL                  , '하나은행', '904-910012-95104' , '한국이크레딧'  , 'PC02', '자동이체'    , '202306', 500000  )
,(26  , '25', '법인카드'    , '하나카드'    , NULL                  , '하나은행', '904-910012-95104' , '한국이크레딧'  , 'PC02', '자동이체'    , '202307', 500000  )
,(26  , '25', '법인카드'    , '하나카드'    , NULL                  , '하나은행', '904-910012-95104' , '한국이크레딧'  , 'PC02', '자동이체'    , '202308', 500000  )
,(26  , '25', '법인카드'    , '하나카드'    , NULL                  , '하나은행', '904-910012-95104' , '한국이크레딧'  , 'PC02', '자동이체'    , '202309', 500000  )
,(26  , '25', '법인카드'    , '하나카드'    , NULL                  , '하나은행', '904-910012-95104' , '한국이크레딧'  , 'PC02', '자동이체'    , '202310', 500000  )
,(26  , '25', '법인카드'    , '하나카드'    , NULL                  , '하나은행', '904-910012-95104' , '한국이크레딧'  , 'PC02', '자동이체'    , '202311', 500000  )
,(26  , '25', '법인카드'    , '하나카드'    , NULL                  , '하나은행', '904-910012-95104' , '한국이크레딧'  , 'PC02', '자동이체'    , '202312', 500000  )
,(26  , '25', '법인카드'    , '하나카드'    , NULL                  , '하나은행', '904-910012-95104' , '한국이크레딧'  , 'PC02', '자동이체'    , '202401', 500000  )
,(27  , '25', '법인카드'    , 'KB카드'      , NULL                  , '기업은행', '082-104270-01-011', '한국이크레딧'  , 'PC02', '자동이체'    , '202304', 100000  )
,(27  , '25', '법인카드'    , 'KB카드'      , NULL                  , '기업은행', '082-104270-01-011', '한국이크레딧'  , 'PC02', '자동이체'    , '202305', 200000  )
,(27  , '25', '법인카드'    , 'KB카드'      , NULL                  , '기업은행', '082-104270-01-011', '한국이크레딧'  , 'PC02', '자동이체'    , '202306', 200000  )
,(27  , '25', '법인카드'    , 'KB카드'      , NULL                  , '기업은행', '082-104270-01-011', '한국이크레딧'  , 'PC02', '자동이체'    , '202307', 200000  )
,(27  , '25', '법인카드'    , 'KB카드'      , NULL                  , '기업은행', '082-104270-01-011', '한국이크레딧'  , 'PC02', '자동이체'    , '202308', 200000  )
,(27  , '25', '법인카드'    , 'KB카드'      , NULL                  , '기업은행', '082-104270-01-011', '한국이크레딧'  , 'PC02', '자동이체'    , '202309', 200000  )
,(27  , '25', '법인카드'    , 'KB카드'      , NULL                  , '기업은행', '082-104270-01-011', '한국이크레딧'  , 'PC02', '자동이체'    , '202310', 200000  )
,(27  , '25', '법인카드'    , 'KB카드'      , NULL                  , '기업은행', '082-104270-01-011', '한국이크레딧'  , 'PC02', '자동이체'    , '202311', 200000  )
,(27  , '25', '법인카드'    , 'KB카드'      , NULL                  , '기업은행', '082-104270-01-011', '한국이크레딧'  , 'PC02', '자동이체'    , '202312', 200000  )
,(27  , '25', '법인카드'    , 'KB카드'      , NULL                  , '기업은행', '082-104270-01-011', '한국이크레딧'  , 'PC02', '자동이체'    , '202401', 200000  )
;

-- 컬럼: 7개
-- 통장기본정보
INSERT INTO AC001M1
(
 SEQ_NO         -- [01] 순번
,BANK_NM        -- [02] 은행명
,ACCNT_NO       -- [03] 계좌번호
,ACCNT_HOLDR_NM -- [04] 예금주명
,MGMNT_STAFF_NM -- [05] 관리직원명
,PURPS_NM       -- [06] 용도명
,NOTE           -- [07] 비고
)
VALUES 
-- 순번, 은행명    , 계좌번호           , 예금주명      , 관리직원명, 용도명 , 비고   
  (1   , '신한은행', '140-007-757054'   , '한국이크레딧', NULL      , '용도1', '참고1')
, (2   , '기업은행', '082-104270-01-011', '한국이크레딧', NULL      , '용도2', '참고2')
, (3   , '농협은행', '355-0083-0179-93' , '한국이크레딧', NULL      , '용도3', NULL   )
;

-- 컬럼: 9개
-- 통장잔고내역
INSERT INTO AC001L1
(
 SEQ_NO         -- [01] 순번
,STD_DT         -- [02] 기준일자
,BANK_NM        -- [03] 은행명
,ACCNT_NO       -- [04] 계좌번호
,ACCNT_HOLDR_NM -- [05] 예금주명
,MGMNT_STAFF_NM -- [06] 관리직원명
,PURPS_NM       -- [07] 용도명
,NOTE           -- [08] 비고
,BALNC_AMT      -- [09] 잔고금액
)
VALUES 
-- 순번, 기준일자  , 은행명    , 계좌번호           , 예금주명      , 관리직원명, 용도명 , 비고   , 잔고금액
  (1   , '20230101', '신한은행', '140-007-757054'   , '한국이크레딧', NULL      , '용도1', '참고1', 10000000)
, (2   , '20230101', '기업은행', '082-104270-01-011', '한국이크레딧', NULL      , '용도2', '참고2', 10000000)
, (3   , '20230101', '농협은행', '355-0083-0179-93' , '한국이크레딧', NULL      , '용도3', NULL   , 8000000 )
, (1   , '20230201', '신한은행', '140-007-757054'   , '한국이크레딧', NULL      , '용도1', '참고1', 7000000 )
, (2   , '20230201', '기업은행', '082-104270-01-011', '한국이크레딧', NULL      , '용도2', '참고2', 7500000 )
, (3   , '20230201', '농협은행', '355-0083-0179-93' , '한국이크레딧', NULL      , '용도3', NULL   , 6000000 )
;

